Nom	Lien_IdRef	Identifiants	Identifiant_BnF	Autres_formes_du_Nom	Naissance	Mort	Genre	Informations	Autres_Informations
Alliot, Gervais	http://www.idref.fr/03099831X/id	['http://isni.org/isni/0000000121202363', 'http://data.bnf.fr/ark:/12148/cb12230200z#foaf:Person', 'http://viaf.org/viaf/9901426']	12230200	['Aliot, Gervais']	159X	1654	male		"['Imprimeur-libraire. Recu apprenti en avril 1607. Veuve attestée en 1654', ""Paris : 1621-1654 ; Au (ou : Dans la cour du) Palais, contre (ou : proche; près; vis-à-vis) la chapelle Saint-Michel (, et en sa maison, rue Saint-Jean-de-Latran) - À l'|Arbre verdoyant""]"
Anguerrand, Pierre	http://www.idref.fr/032087837/id	['http://data.bnf.fr/ark:/12148/cb123185474#foaf:Person', 'http://isni.org/isni/000000000183522X', 'http://viaf.org/viaf/32066404']	12318547	['Angueran, Pierre (imprimeur-libraire)', 'Anguerrant, Pierre (imprimeur-libraire)']	16..	16..			"['Paris : 1639?-1659? ; Sur le Pont-Neuf, proche la porte de la Samaritaine ; Rue Sainte-Anne (, proche le Palais) ; Sur le Pont-Neuf ; Rue de la Monnaie ; Rue Saint-Germain', 'Autre(s) graphie(s) : Anguerant ; Anguerran. Compagnon imprimeur attesté dès août 1636 ; établi libraire (1639) puis imprimeur (1641) sans avoir été reçu maître. En fév. 1650, il étale encore sur le Pont-Neuf malgré les défenses qui lui en ont été faites en août 1649. Encore qualifié d'""imprimeur-libraire"" en mai 1659, bien qu'il ne figure pas parmi les imprimeurs recensés en juillet 1657']"
Ballard, Robert	http://www.idref.fr/031108482/id	['http://isni.org/isni/0000000364366936', 'http://data.bnf.fr/ark:/12148/cb122387964#foaf:Person', 'http://viaf.org/viaf/227858736']	12238796	['Ballard III, Robert']	1610-?	1672-10	male	"['À partir de 1666, travaille en association avec son fils Christophe Ballard', ""Imprimeur-libraire ; seul imprimeur du Roi pour la musique (1639). Fils et successeur de Pierre I Ballard. Dénommé aussi Robert III pour le distinguer de son oncle Robert (II) (1572?-1650?), luthiste du Roi. Recu maître en janv. 1640, il semble avoir commencé à exercer dès 1638. Aurait succédé à son père comme commissaire de l'artillerie. Consul (janv. 1650) ; juge consul (janv. 1666) ; administrateur des hôpitaux de Paris. Nommé en 1666 noteur de la chapelle du Roi. . Décédé en oct. 1672."", ""Paris : 1638?-1672 ; Rue Saint-Jean-de-Beauvais - Au (ou : À l'enseigne du) Mont Parnasse""]"	
Barbier, Guillaume	http://www.idref.fr/031108571/id	['http://viaf.org/viaf/225408084', 'http://data.bnf.fr/ark:/12148/cb12238804x#foaf:Person']	12238804	['Barbier I, Guillaume']	16..	1665			"[""Imprimeur-libraire ; imprimeur ordinaire du Roi (1647). Originaire de Chalon-sur-Saône. Établi à Lyon vers 1633. En apprentissage jusqu'en oct. 1643 chez Jacques Roussin dont il rachète le fonds (dès sept. 1643) et à qui il succède. Beau-frère du libraire François Comba. Veuve attestée à partir de 1665"", 'Associé à Jean-Aimé Candy entre 1648 et 1651 au moins ; à Jean Girin et François Comba de 1658 à 1663 ; à Philippe et Pierre Borde et à Laurent Arnaud de 1663 à 1665', 'Devise(s) : Vincit Prudentia vires. Saloque soloque coeloque', 'Lyon : 1643-1665 ; Rue Mercière ; En la place de Confort']"
Belley, Jacques	http://www.idref.fr/229597920/id	['http://data.bnf.fr/ark:/12148/cb161779494#foaf:Person', 'http://viaf.org/viaf/107054092']	16177949	['Bellay, Jacques', 'Barlay, Jacques', 'Beley, Jacques', 'Bellé, Jacques', 'Berlay, Jacques']	16..	1688	male	['Paris']	"[""Autre(s) graphie(s) : Belé ; Belles. - Libraire-relieur. - Reçu maître le 15 janv. 1637. Père de Nicolas I Belley, libraire et relieur. Publie des mazarinades entre 1650 et 1652. Semble avoir rédigé lui-même au moins une partie des pièces qu'il publie en 1650. Travaille notamment pour Gaston d'Orléans. Exerce jusqu'en 1652 au moins. Décédé après le 29 oct. 1687. Son fils lui succède aux mêmes adresse et enseigne en 1689""]"
Bazavoine, Pierre	http://www.idref.fr/241357489/id	['http://isni.org/isni/0000000077087715', 'http://data.bnf.fr/ark:/12148/cb16178704v#foaf:Person', 'http://viaf.org/viaf/107056930']	16178704		16..	16..	male	"[""Lieu d'activité : Paris. Dates d'activité : 1652. Adresse : Rue Montmartre. Enseigne : À l'Image Notre Dame"", ""Imprimeur-libraire. Publie une mazarinade en 1652. Peut-être s'agit-il d'un pseudonyme""]"	
Béchet, Denis	http://www.idref.fr/031109233/id	['http://isni.org/isni/0000000361002686', 'http://data.bnf.fr/ark:/12148/cb122388534#foaf:Person', 'http://viaf.org/viaf/29327546']	12238853	['Bechet, Dionysius (libraire)']	161X	170.		"[""Adresse(s) : Paris (1632-1675), Rue Saint-Jacques. - À l'Écu au Soleil ; Au Compas d'or (et à l'Écu au Soleil)"", ""Jusqu'en 1650, travaille en association avec Claude Sonnius, puis lui succède ; de 1658 à 1661 environ, associé à Louis Billaine"", ""Neveu du libraire parisien Jérôme Drouart chez qui il est apprenti de mai 1626 à fév. 1632. Reçu maître en fév. 1632. Membre de la Compagnie des usages réformés. Ne semble pas avoir exercé au-delà de 1675. Élu consul en 1669, puis grand juge-consul en 1682, il est administrateur des hôpitaux en 1689. Encore attesté en 1695 (rôles de la capitation), il est décédé avant 1705 et n'est pas mentionné lors de l'enquête de nov.-déc. 1701, mais figure encore sur la liste établie en sept. 1703, en qualité d'ancien syndic""]"	
Belgrand, Simon	http://www.idref.fr/157482405/id	['http://viaf.org/viaf/288496523']		['Belgrand, S.']	1624	1655	male	['Imprimeur du roi à Toul (Meurthe-et-Moselle). Activité attestée en 1647. Associé avec Jean Laurent.']	
Berthelin, Jean	http://www.idref.fr/03098551X/id	['http://isni.org/isni/0000000108849250', 'http://data.bnf.fr/ark:/12148/cb12229229n#foaf:Person', 'http://viaf.org/viaf/32049192']	12229229	['Berthelin I, Jean (1577-1652)']	1577-10-?	1652-06-23			['Devise(s) : Cuncta in tempore', 'A souvent travaillé en association avec ses beaux-frères Jacques I Besongne et David Du Petit Val', 'Libraire. Reçu maître en 1602 en qualité de gendre de Raphae͏̈l Du Petit Val, semble avoir exercé dès janv. 1601. Dit âgé de 74 ans et 8 mois lors de son décès (juin 1652)', 'Le Petit-Quevilly (Quevilly) : 1601?-1652', 'Rouen : 1601?-1652 ; Dans la cour du Palais']
Berthelin, Jean	http://www.idref.fr/030985536/id	['http://isni.org/isni/0000000066454743', 'http://data.bnf.fr/ark:/12148/cb12229230v#foaf:Person', 'http://viaf.org/viaf/66518695']	12229230	['Berthelin II, Jean', 'Berthelinus, Joannes']	1616-?	1672-12-09	male	['Travaille fréquemment en association avec son frère puîné David Berthelin']	['Devise(s) : Cuncta in tempore', 'Libraire. - Fils et successeur du libraire de Rouen Jean I Berthelin. De confession calviniste. Reçu maître dès le 11 nov. 1631 et établi vers 1644. Neveu par alliance (déc. 1657) du pasteur de Charenton Charles Drelincourt. Objet de nombreuses saisies et poursuites judiciaires entre 1659 et 1666. Dit âgé de 56 ans lors de son décès (Rouen, 9 déc. 1672)', 'Adresse : Le Petit-Quevilly (Quevilly) (1644?-1672)', 'Adresse : Rouen (1644?-1672) ; Rue aux Juifs (, près lamaison de ville) ; Dans la cour du Palais']
Besongne, Cardin	http://www.idref.fr/031109772/id	['http://isni.org/isni/0000000109284925', 'http://data.bnf.fr/ark:/12148/cb122388952#foaf:Person', 'http://viaf.org/viaf/99903006']	12238895	['Besogne, Cardin', 'Besongne, Gardin']	159X	1671-05			"[""Paris : 1627-1671 ; Rue d'Écosse, au Mont Saint-Hilaire (ou : près Saint-Hilaire) ; Au Palais, au haut de la montée de la Sainte-Chapelle ; Au Palais (, dans la galerie des Prisonniers) - Au Chapeau royal - Aux Roses vermeilles"", 'Libraire. Vraisemblablement originaire de Rouen, il est recu apprenti en cette ville, chez Jacques I Besongne, en 1611. À nouveau (?) en apprentissage à Paris en 1618. Reçu maître en fév. 1627', 'Devise(s) : Ex dolore gaudium']"
Besongne, Jacques	http://www.idref.fr/066760542/id	['http://data.bnf.fr/ark:/12148/cb122302975#foaf:Person', 'http://isni.org/isni/0000000109055604', 'http://viaf.org/viaf/59135640']	12230297	['Besongne II, Jacques (1614-1699)']	1614	1699-05-03			"['Devise(s) : Concordia insuperabilis', 'Rouen : 1638?-1699? ; Dans la cour du (ou : Au) Palais', 'Libraire. Fils de Jacques I Besongne, à qui il succède en 1638 ou peu avant ; neveu et fréquent associé de David Du Petit Val et de Jean I Berthelin. Dit âgé de 53 ans et demi en mai 1668 et de 85 ans ""ou environ"" lors de son décès (mai 1699)']"
Bessin, Nicolas	http://www.idref.fr/031109810/id	['http://data.bnf.fr/ark:/12148/cb122388983#foaf:Person', 'http://isni.org/isni/0000000371172953', 'http://viaf.org/viaf/224423024']	12238898	['Bessin II, Nicolas (162.?-167.)']	162X	167.			"[""Paris : 1642-167 ; Rue de Reims, près le collège ; Rue Saint-Jean-de-Beauvais ; Au Palais (, en l'allée (de la chapelle) Saint-Michel, vis-à-vis de la porte de la rue)"", ""Fils et successeur de Jacques I Bessin ; gendre d'Adrien Bacot. Recu maître en mars 1642. Encore en activité en 1669, mais veuve attestée lors de la visite de mars 1679""]"
Bessin, Jean	http://www.idref.fr/030985587/id	['http://data.bnf.fr/ark:/12148/cb122292347#foaf:Person', 'http://isni.org/isni/0000000371384884', 'http://viaf.org/viaf/251012722']	12229234		159X	166.			"[""Né avant 1600 : quittance d'apprentissage en 1613. Veuve attestée en 1666"", 'Paris : 1621-1663 ; Rue de Reims, près le Collège (ou : près la grand-porte du Collège)']"
Blageart, Michel	http://www.idref.fr/032434944/id	['http://data.bnf.fr/ark:/12148/cb12346540v#foaf:Person', 'http://isni.org/isni/0000000109139226', 'http://viaf.org/viaf/71465027']	12346540		160X	165.			"['Paris : 1631-1655? ; Rue Neuve-Saint-Louis, vis-à-vis la petite porte du Palais ; Au bout du Pont-Neuf, au coin de la rue Dauphine ; Rue de la Calandre, près (ou : devant) le Palais ; Rue Dauphine - À la Fleur de lys', 'Devise(s) : Calcata resurgit', ""Frère puîné de Jérôme Blageart. Entre en apprentissage en janv. 1614 chez Heureux Blanvillain dont il épouse l'une des filles""]"
Boisset, Nicolas	http://www.idref.fr/074286234/id	['http://viaf.org/viaf/202202495', 'http://isni.org/isni/0000000003353603', 'http://data.bnf.fr/ark:/12148/cb14578730t#foaf:Person']			16XX	1663	male		"['Imprimeur-libraire', ""Paris, 30 juin 1644 - 1663. Adresses : rue Galende, à l'image Saint-Etienne (en 1649) ; rue Saint-Jean-de-Beauvais, au coeur navré (en 1663)""]"
Du Bosc, Veuve de Jean	http://www.idref.fr/07430870X/id	['http://isni.org/isni/0000000357640378', 'http://viaf.org/viaf/200961016', 'http://data.bnf.fr/ark:/12148/cb16772719g#foaf:Person']		['Dubosc, Veuve de Jean (libraire)']	15	16			['Libraire', 'Rouen, 1630-1648. Adresse : dans la cour du Palais', 'Epouse Jean I Du Bosc le 25 juillet 1605. Lui succède en 1630']
Bouchet, Jacques	http://www.idref.fr/114296057/id	['http://viaf.org/viaf/71444235', 'http://isni.org/isni/000000000057788X']		['Bouchet II, Jacques']	15	15	male	"[""Imprimeur-libraire. - Lieu d'activité : Poitiers. - Dates d'activité : 1552?-1588. - En association avec son frère Guillaume""]"	
Boude, Jean	http://www.idref.fr/069973210/id	['http://data.bnf.fr/ark:/12148/cb137416235#foaf:Person', 'http://isni.org/isni/0000000054343966', 'http://viaf.org/viaf/66644876']	13741623	['Boude I, Jean', 'Boudo, Jan']	1591	1689	male	"[""Toulouse : 1607?-1684 ; Près le collège de Foix - À l'enseigne Saint Jean"", 'Narbonne : 1658', ""Travaille en association avec son fils Jean-Jacques Boude jusqu'à la mort de celui-ci (mars 1675), puis avec sa belle-fille Élisabeth Hénault (veuve Jean-Jacques Boude) jusqu'en 1677. Nicolas d'Estey travaille dans son atelier en 1626.""]"	"['Imprimeur-libraire ; imprimeur (ordinaire) du Roi, des États généraux de la province de Languedoc et de l'université de Toulouse. Imprime en 1662 pour le collège des Jésuites de Béziers, mais à Toulouse en dépit de l'adresse portée sur lesdites impressions. Réimprime la ""Gazette"" à partir de 1673. Se retire en mars 1684. Décédé en 1689. Grand-père de l'imprimeur-libraire Jean II Boude.']"
Boudeville, Claude	http://www.idref.fr/031129854/id	['http://data.bnf.fr/ark:/12148/cb12240537b#foaf:Person', 'http://isni.org/isni/0000000108647130', 'http://viaf.org/viaf/4986005']	12240537		16..	16..			['Apprenti puis compagnon de Noe͏̈l Charles. En activité dès 1649 ; reçu maître en fév. 1650', 'Paris : 1649-1650 ; Rue des Carmes (, proche Saint-Hilaire) - Au Lys fleurissant']
Bouillerot, Jérémie	http://www.idref.fr/031070701/id	['http://data.bnf.fr/ark:/12148/cb122359154#foaf:Person', 'http://isni.org/isni/000000037117481X', 'http://viaf.org/viaf/225408021']	12235915	['Bouillerot I, Jérémie']	160X	1657-10-12			"[""Paris : 1638-1657 ; Dans la cour du Palais, vis-à-vis la Conciergerie ; Rue de la (Vieille-) Draperie (, vis-à-vis la grand-porte du Palais) ; (Dessous la Grande porte du ; devant le ; près le) Palais (, vis-à-vis la) rue de la Calende - À l'enseigne de l'Imprimerie - Au Saumon"", 'Imprimeur-libraire. Apprenti chez Joseph Guerreau dès fév. 1617. Reçu imprimeur-libraire en mars 1638']"
Du Bray, Jean	http://www.idref.fr/031002080/id	['http://data.bnf.fr/ark:/12148/cb122304831#foaf:Person', 'http://isni.org/isni/0000000110444201', 'http://viaf.org/viaf/22194489']	12230483	['Dubray, Jean']	1611-07-17	1674-04-28	male		['Devise(s) : Cultu fertilior', 'Libraire. - Reçu maître en janv. 1636. En 1642, succède à sa mère, veuve de Toussaint Du Bray. Gendre de Sébastien Chappelet', 'Paris : 1636-1674 ; Rue Saint-Jacques - Aux Épis mûrs (et au Chapelet ; et au Rosier)']
Brunet, Jean	http://www.idref.fr/031159486/id	['http://data.bnf.fr/ark:/12148/cb12242877w#foaf:Person', 'http://isni.org/isni/0000000001831368', 'http://viaf.org/viaf/32052121']	12242877		15..	166.			"[""Aurait également pratiqué la reliure-dorure. Un libraire du même nom a exercé à Lyon en 1617 et au Pont (i. e. Charenton ?) en 1617 et 1618. Rédacteur et éditeur de mazarinades favorables au parti des Princes et au duc d'Orléans en 1652"", ""Paris : 1614-1660? ; Rue Saint-Germain ; Au bout du pont Notre-Dame ; Rue Neuve-Saint-Louis (, au bout du pont Saint-Michel ; en la troisième chambre ; près (ou : proche) le Palais) ; Rue Sainte-Anne - Aux Trois Pigeons - Au Trois de chiffre - À la Crosse d'or - Au Canon royal""]"
La Caille, Jean de	http://www.idref.fr/031005179/id	['http://data.bnf.fr/ark:/12148/cb12230710n#foaf:Person', 'http://isni.org/isni/0000000071413225', 'http://viaf.org/viaf/73906490']	12230710	['La Caille I, Jean de (16..-1673)', 'De La Caille, Jean']	16..	1673-12-14	male		"['Devise(s) : Ille candela Dei', ""Paris : 1641-1673 ; Au Mont Saint-Hilaire (ou : Rue Chartière), près le Puits-Certain ; Rue Saint-Jacques - À l'Image Saint Sébastien - Aux Trois Cailles"", ""Imprimeur-libraire ; imprimeur (ordinaire) du Roi (1644) ; libraire juré de l'université (1645). Ancien apprenti et gendre de Jean de La Coste. Reçu maître en déc. 1641""]"
Cailloué, Jacques	http://www.idref.fr/031000371/id	['http://data.bnf.fr/ark:/12148/cb122303576#foaf:Person', 'http://isni.org/isni/0000000066450734', 'http://viaf.org/viaf/41892292']	12230357		159X	1664-08-01			"[""Rouen : 1612?-1663? ; Rue aux Juifs (, près le Palais) ; Dans la cour du (ou : Au) Palais - À l'enseigne du Noyer"", 'Devise(s) : Je suis tousjours Cailloué. Paupertas obesse ne summis ingeniis provehantur', 'Le Petit-Quevilly (Quevilly) : 1612?-1663?', ""Libraire. Fils d'un Isaac Cailloué. Recu apprenti en août 1609 et maître en 1618, il aurait commencé à exercer dès 1612. Décédé le 1er août 1664 lors d'un déplacement à Saumur""]"
Camusat, Veuve de Jean	http://www.idref.fr/031202837/id	['http://data.bnf.fr/ark:/12148/cb12246308n#foaf:Person', 'http://isni.org/isni/0000000000279794', 'http://viaf.org/viaf/301237944']	12246308		160X	1678	female	"[""Travaille à partir de 1642 et jusqu'en juin 1651 en association avec Pierre Le Petit, son gendre à partir de nov. 1643"", ""Adresse : Paris (1639-1652?), Rue Saint-Jacques. - À la Toison d'or (et à la Croix d'or), À la Croix d'or"", ""Nom patronymique : Denise de Courbes. - Imprimeur-libraire ; imprimeur-libraire de l'Académie française (1639-1646). - Fille d'un Jean de Courbes mesureur juré de grains et bourgeois de Paris, et non du libraire parisien Jean de Courbe(s). Épouse l'imprimeur-libraire Jean Camusat en juillet 1624. Lui succède à son décès (juin 1639). Publie également sous le nom de Jean Camusat, jusqu'en 1642 au moins. Se remarie le 15 juillet 1651 avec le libraire Louis de Villac ; autorisée à s'en séparer de biens par acte du 17 juin 1653. Inventaire après décès 7 juin 1678"", 'Devise(s) : Tegit et quos tangit inaurat']"	
Candy, Jean-Aimé	http://www.idref.fr/067151388/id	['http://isni.org/isni/0000000121202486', 'http://data.bnf.fr/ark:/12148/cb12257045g#foaf:Person', 'http://viaf.org/viaf/9905963']	12257045	['Candy, Joannes Amatus']	160X	1658-01			"['Imprimeur du Roi en association avec Guillaume I Barbier à partir de 1648', 'Lyon : 1627-1658 ; Rue du Puy-Pelu - Au Dauphin (royal)', 'Variante(s) de prénom : Joannes Amatus ; Jean-Aymé. Imprimeur-libraire ; imprimeur (ordinaire) du Roi (1643) et du clergé. Imprime l'éd. lyonnaise de la ""Gazette"" de 1640 à 1645 et d'oct. 1648 à janv. 1658. Teste le 10 janv. 1658 ; veuve attestée à partir du 17 janv. 1658']"
Cay, Denis de	http://www.idref.fr/178866377/id	['http://data.bnf.fr/ark:/12148/cb16173995b#foaf:Person', 'http://isni.org/isni/0000000074989000', 'http://viaf.org/viaf/103682901']	16173995	['De Cay, Denis', 'Decay, Denis']	159X	1671	male	"[""Lieu d'activité : Paris. Dates d'activité : 1618-1671?. Adresse : Dans la cour du Palais entre les deux petits escaliers de la Grand-Salle. Adresse : En entrant dans (ou : À l'entrée de) la grand-salle du Palais du côté des Consultations. Adresse : En l'île du Palais. Enseigne : Au Chef Saint Denis. Enseigne : Au Soleil d'or""]"	['A travaillé en association avec le libraire-relieur Eustache I Daubin', 'Variante(s) de prénom : Denys. - Libraire ; libraire suivant la cour ; imprimeur et libraire ordinaire de la Chambre des comptes. - Exerce en qualité de relieur de 1618 à 1622. Reçu libraire en 1621. Publie des mazarinades entre 1649 et 1652. Sa veuve exerce aux environs du Louvre entre 1672 et 1683 au moins']
Chambellan, David	http://www.idref.fr/130283819/id	['http://viaf.org/viaf/85956627', 'http://isni.org/isni/0000000059140607']			16	16	male	"[""Imprimeur-libraire. - Lieu d'activité : Paris. - Dates d'activité : 1er février 1635 - .... . - Adresse : rue de la Harpe, à l'Écu de France.""]"	
Chamhoudry, Louis	http://www.idref.fr/066764378/id	['http://isni.org/isni/0000000063019084', 'http://data.bnf.fr/ark:/12148/cb122549666#foaf:Person', 'http://viaf.org/viaf/32054167']	12254966		162X	1672			"['Libraire. Gendre d'André Soubron chez qui il a été apprenti à partir de déc. 1642. Reçu maître en août 1648. Auteur de l'épître dédicatoire du ""Recueil de diverses poésies des plus célèbres autheurs de ce temps..."" (1652)', ""Paris : 1648-1672? ; Au Palais, proche (ou : près de ; devant) la Sainte chapelle (, à l'entrée de la petite salle) - Au Bon Marché - À l'Image Saint Louis""]"
Champenois, Pierre	http://www.idref.fr/109902726/id	['http://viaf.org/viaf/218396028']		['Champenois, P.', 'Champenois, Pierre Ier']	15..	1649-03	male	"['En 1633, travaille en association avec le libraire Pierre Trichard', 'Libraire-relieur. - En apprentissage chez le libraire parisien Guillaume I Macé à partir de juin 1610. Reçu maître le 14 mai 1626. En 1645 obtient des lettres de colporteur. Le 1er mars 1648, des pièces de théâtre de Pierre Corneille contrefaites sont saisies dans sa boutique ainsi que chez d'autres libraires parisiens ; une sentence du Châtelet du 28 nov. 1648 les condamne aux dommages et intérêts et porte confiscation des livres saisis (cf. G. Lepreux, ""Revue des bibliothèques"", XXIV, 1914, pp. 159-161). Sépulture le 5 mars 1649 à Paris', ""Lieu d'activité : Paris. Dates d'activité : 1626-1649. Adresse : (Dessus (ou : Sur) le Pont-Neuf,) Proche (ou : vis-à-vis ; devant) la Samaritaine""]"	
Charles, Noël	http://www.idref.fr/030987008/id	['http://isni.org/isni/0000000110472958', 'http://data.bnf.fr/ark:/12148/cb12229331g#foaf:Person', 'http://viaf.org/viaf/27118509']	12229331	['Charles, Natalis']	159X	1662		"[""Paris :1623-1659?, Rue des Carmes, Rue Saint-Jacques (, devant les Mathurins). Au collège de la Merci (, rue des Sept-Voies). Près Saint-Hilaire, en la cour d'Albret, Aux Trois Couronnes"", 'Variante(s) de prénom : Natalis. - Imprimeur-libraire. - Entré en apprentissage en oct. 1607. Reçu maître le 19 oct. 1623. Sépult. 12 avril 1662']"	['Devise(s) : Manet ultima coelo']
Chevalier, Jacob	http://www.idref.fr/069166854/id	['http://data.bnf.fr/ark:/12148/cb13526044x#foaf:Person', 'http://isni.org/isni/0000000385986464', 'http://viaf.org/viaf/250672708']	13526044	['Chevallier, Jacob (libraire-relieur)']	160X	165X	male		"[""Reçu apprenti chez le relieur Geoffroy Cordier en mai 1618 ; reçu maître le 16 janv. 1631. Gendre du libraire-relieur Jean de Courbe. Corédacteur de l'inventaire de la bibliothèque de François de Bassompierre (oct.-nov. 1646). Un arrêt du parlement de Paris du 2 mars 1651 lui interdit, ainsi qu'à d'autres libraires-relieurs, de publier des arrêts dont certains libraires ont le privilège. Administrateur de la confrérie de 1654 à 1657"", 'Paris : 1631-1657? ; Proche Saint-Jean-de-Latran (ou : Rue Saint-Jean-de-Latran, devant le Collège royal (; devant Saint-Benoît))']"
Chouqueux, André	http://www.idref.fr/031000800/id	['http://isni.org/isni/0000000364435102', 'http://data.bnf.fr/ark:/12148/cb12230388g#foaf:Person', 'http://viaf.org/viaf/228701142']	12230388		161X	1691			"['Imprimeur-libraire. Apprenti en 1638 puis gendre de Jean Brunet. Recu libraire en août 1649, puis imprimeur avant 1657. Veuve attestée en 1691', ""Paris : 1649-1691? ; Rue Saint-André-des-Arts (, près le pont Saint-Michel) ; Rue de Harlay, à l'entrée de la cour neuve du Palais""]"
Chrestien, Antoine	http://www.idref.fr/193187396/id	['http://isni.org/isni/0000000001599095', 'http://data.bnf.fr/ark:/12148/cb12486440k#foaf:Person', 'http://viaf.org/viaf/12409696']	12486440	['Chrestien I, Antoine (162.?-1665)', 'Christian, Antonie', 'Chrétien, Antoine']	162X	1665	male	"[""Lieu d'activité : Paris. Dates d'activité : 1651-1665. Adresse : Rue des Sept-Voies (, devant le collège de Fortet ; devant le collège de Montaigu)""]"	"[""Variante(s) de prénom : Antonio. - Imprimeur-libraire. - Entré en apprentissage chez l'imprimeur-libraire parisien Mathurin Hénault en nov. 1638. Reçu maître le 7 juin 1651 ; épouse la veuve de l'imprimeur-libraire Jacques Guillery. Encore en activité en 1665. Veuve attestée en 1665 et lors du procès-verbal du 15 oct. 1666""]"
Clément, Philippe	http://www.idref.fr/092404030/id	['http://isni.org/isni/0000000360431147', 'http://viaf.org/viaf/222461236', 'http://data.bnf.fr/ark:/12148/cb15954395r#foaf:Person']		['Clément, Philippes']	16XX	16XX	male	['Libraire. - Paris : 1652. - Adresse : rue des Fossés']	
Clement, Anthony	http://www.idref.fr/139020306/id	['http://isni.org/isni/0000000083829623', 'http://viaf.org/viaf/53104722']		['Clementius, Antonius']	1620	1657	male	['Commentateur de poètes classiques latins']	
Clousier, Gervais	http://www.idref.fr/03111184X/id	['http://data.bnf.fr/ark:/12148/cb122390566#foaf:Person', 'http://isni.org/isni/0000000121202443', 'http://viaf.org/viaf/9903136']	12239056	['Clouzier, Gervais']	16..	1681-04-17	male		"[""Paris : 1634-1681 ; Au Palais, sur les degrés de (ou : en montant pour aller à) la Sainte-Chapelle (, à la seconde boutique) - À l'enseigne du Voyageur"", 'Libraire. Frère puîné de Francois I Clousier. Recu libraire en août 1634']"
Colombel, Mathieu	http://www.idref.fr/068998805/id	['http://isni.org/isni/0000000056700197', 'http://data.bnf.fr/ark:/12148/cb15962086p#foaf:Person', 'http://viaf.org/viaf/79222028']		['Colombel, Matthieu']	16XX	16XX	male	['Imprimeur']	['Paris, 17e s. Rue Neuve Sainte-Anne du Palais, à la Colombe royale']
Du Coq, Pierre	http://www.idref.fr/18245732X/id	['http://data.bnf.fr/ark:/12148/cb161897378#foaf:Person', 'http://isni.org/isni/0000000077554416', 'http://viaf.org/viaf/107625964']	16189737		1623-09-22	1680-09-30	male	"[""Lieu d'activité : Bordeaux. Dates d'activité : 1642-1680. Adresse : Rue Saint-James. Enseigne : À l'enseigne du Coq""]"	"[""Imprimeur-libraire. - Fils de l'imprimeur-libraire de Bordeaux Jacques Du Coq. Décédé à Bordeaux le 30 sept. 1680. Sa veuve lui succède entre 1681 et 1683 puis se remarie avec Pierre III Abegou, qui reprend l'imprimerie""]"
La Coste, Nicolas de	http://www.idref.fr/030991811/id	['http://data.bnf.fr/ark:/12148/cb122297020#foaf:Person', 'http://isni.org/isni/0000000123748060', 'http://viaf.org/viaf/7442906']	12229702	['De La Coste, Nicolas', 'Delacoste, Nicolas']	15..	1666	male		"[""Paris : 1628-1666 ; (Au Mont Saint-Hilaire et) À la petite porte du Palais (, qui regarde (ou : devant) le quai des (ou : les) Augustins (ou : rue de Monsieur le Premier Président)) ; Rue des Sept-Voies. - À l'Écu de Bretagne (ou : Aux Trois Hermines)"", 'Travaille en association avec son frère Jean de La Coste entre 1630 et 1663 environ', 'Devise(s) : ""Nos connectit amor"" ; ""Ditat concordia fratres""', ""Imprimeur-libraire. - Entré en apprentissage en janv. 1606. Libraire (12 oct. 1628) reçu imprimeur en 1630. En activité jusqu'en 1666 ; veuve attestée à cette date. Auteur de traductions de l'espagnol""]"
Cotinet, Arnoul	http://www.idref.fr/060862068/id	['http://isni.org/isni/0000000109126804', 'http://data.bnf.fr/ark:/12148/cb13527051f#foaf:Person', 'http://viaf.org/viaf/69089754', 'http://viaf.org/viaf/5095159248171404870009']	13527051	['Cotinet II, Arnoul (16..?-166.? ; imprimeur-libraire)', 'Cottinet, Arnould (imprimeur-libraire)', 'Cotinet, Arnould', 'Cottinet, Arnould']	16..-?	166.	male		[]
Coulon, Veuve d'Antoine	http://www.idref.fr/031112099/id	['http://isni.org/isni/0000000121237136', 'http://data.bnf.fr/ark:/12148/cb122390802#foaf:Person', 'http://viaf.org/viaf/22196275']	12239080	"[""Coullon, Veuve d'Antoine (imprimeur-libraire)""]"	16..	16..			"['Devise(s) : Pax certa melior quam sperata victoria (. Typus Pacis). Pax et prudentia vincunt', 'Nom de jeune fille : Barbe Maillard. Se remarie le 21 sept. 1650 avec le libraire Jean Guignard. Cède son fonds à Jean Le Rat en 1652', ""Paris : 1649-1652? ; Rue d'Écosse (, au mont Saint-Hilaire) - Aux Trois Crémaillères""]"
Courant, Julien	http://www.idref.fr/128183276/id	['http://data.bnf.fr/ark:/12148/cb15742427h#foaf:Person', 'http://viaf.org/viaf/44631930', 'http://isni.org/isni/0000000005438555']	15742427	['Courant II, Julien']	1625-06	1691-10-22	male	"[""Lieu d'activité : Pontoise. Dates d'activité : 1652. Adresse : Rue des Limandes. Adresse : Près Saint-Maclou"", ""Lieu d'activité : Compiègne. Dates d'activité : 1652"", ""Lieu d'activité : Rouen. Dates d'activité : 1646?-1691. Adresse : Derrière le Palais, près la Bastille. Adresse : Devant la porte du Palais, à la Tour carrée. Adresse : Sur le Quai. Adresse : Au bas des degrés du Palais. Enseigne : À l'Image Saint Nicolas. Enseigne : Aux Armes de France. Enseigne : À l'Encre""]"	"['Variante(s) de prénom : Jullianus. - Imprimeur-libraire ; imprimeur ordinaire du Roi (1652). - Fils de l'imprimeur-libraire de Rouen Nicolas Courant ; baptisé le 23 juin 1625. Reçu maître à Rouen en 1646 ou peu avant. Semble avoir succédé à sa mère, veuve de Nicolas Courant, décédée en déc. 1644. Réimprime la ""Gazette"" à Rouen, peut-être dès 1646. Pendant la Fronde, entre juillet et le 15 oct. 1652 au moins, met ses presses au service du roi et de la Cour, tant à Pontoise qu'à Compiègne, et imprime dans des conditions difficiles de nombreuses petites publications officielles (aurait également imprimé, sous la fausse adresse de ""Paris, Veuve Guillemot"", le libelle ""Le Parlement burlesque de Paris"", 1652). Récompensé par des lettres patentes royales du 7 sept. 1652 qui le nomment imprimeur ordinaire du Roi. Maintenu dans ces prérogatives, pour les publications de toutes les juridictions séant à Rouen sauf le parlement de Normandie, par arrêt du Conseil du 30 déc. 1673, en dépit du procès intenté par Eustache I Viret, autre imprimeur du Roi à Rouen, qui conserve cependant l'exclusivité de l'impression des arrêts du parlement et du Conseil du Roi. Épouse en 2es noces, en nov. 1675, Marguerite Maurry (1650-1722), fille de l'imprimeur-libraire Louis I Maurry et veuve de l'imprimeur-libraire Jean-Baptiste Dumesnil, qui lui succédera à sa mort (en oct. 1691, dit alors âgé de 66 ans), en attendant l'établissement de son jeune fils Julien III Courant (1676-1694). Inventaire après décès 22 nov. 1691']"
Courbé, Augustin	http://www.idref.fr/033085137/id	['http://isni.org/isni/0000000122787623', 'http://data.bnf.fr/ark:/12148/cb12398723b#foaf:Person', 'http://viaf.org/viaf/41924765']	12398723		159X	166.	male		"[""Imprimeur et libraire de Monsieur (ou : Monseigneur) [le duc d'Orléans], frère du Roi (1630-1643). - Entré en apprentissage en juin 1613 chez le libraire Jean I Gesselin ; reçu maître en oct. 1623. Thomas Jolly lui succède en 1663 sous la même enseigne après avoir racheté la moitié de son fonds en 1662. Figure en 1666 parmi les anciens adjoints de la communauté encore en vie. Veuve attestée entre fév. 1672 et 1676 (importante créancière lors de la faillite Jolly). Mais plusieurs publications paraissent encore sous le nom d'Augustin Courbé, jusqu'en 1692"", 'Devise(s) : Curvata resurgo', 'Paris : 1623-1662 ; (En la) Petite salle du Palais (ou : Au Palais, dans la Petite salle) ; Au Palais, en la galerie (ou : salle) des Merciers - À la Palme']"
La Court, Guillaume de	http://www.idref.fr/034520716/id	['http://data.bnf.fr/ark:/12148/cb125268758#foaf:Person', 'http://isni.org/isni/0000000121290076', 'http://viaf.org/viaf/39487061']	12526875	['La Court, Guillelmus de', 'Lacourt, Guillaume de']	1608-06-08	1683-08-14		['Béziers : 1680']	"[""Bordeaux : 1637?-1683 ; Rue Saint-James - À la Bible d'or"", 'Imprimeur-libraire ; imprimeur (ordinaire) du Roi (1641 ou 1642?) ; imprimeur de monseigneur l'archevêque (de Bordeaux et primat d'Aquitaine) ; de l'université (de Bordeaux) ; de Son Altesse [le prince de Condé] (1652). Fils (et successeur vers 1640) de Pierre I de La Court. Réimprime la ""Gazette"" à Bordeaux de 1648 à 1683. On lui attribue à tort la paternité du ""Recit veritable de tout ce qui s'est fait au procez du Roy de la Grand' Bretagne..."" qu'il réimprime en 1649 sur une copie de Londres. Son fils aîné Nicolas de La Court lui succède en qualité d'imprimeur du Roi le 15 nov. 1683', 'Devise(s) : Vacua non regnat in aula. Alpha et omega. Principium et finis']"
Cramoisy, Sébastien	http://www.idref.fr/031778143/id	['http://viaf.org/viaf/64428283', 'http://data.bnf.fr/ark:/12148/cb122930320#foaf:Person', 'http://isni.org/isni/0000000423421174']	12293032	['Cramoisy I, Sébastien']	1584-?	1669-01-29	male		"[""Joue un rôle important durant la Fronde, participant notamment aux délibérations de l'Hôtel de ville. Son petit-fils Sébastien Mabre-Cramoisy est pourvu en 1660 de la survivance de ses places d'imprimeur du Roi et de directeur de l'Imprimerie royale. Dit âgé de 83 ou 84 ans lors de son décès (janv. 1669)"", 'Pont-à-Mousson : 1621-1627', ""Reçoit dès 1640 la direction technique de l'Imprimerie royale avant d'en être officiellement nommé directeur en 1643. Échevin de Paris (1639-1641), grand juge-consul (1652), administrateur de l'église et hôpital Saint-Jacques (1636), un des 4 directeurs et administrateurs perpétuels du nouvel hôpital général (1656) ; contrôleur du dépôt des publications à la Bibliothèque du Roi (1656) et garde des poinçons du Roi (1660)"", 'Paris : 1606-1669 ; (En la boutique de Nivelle,) Rue Saint-Jacques - Aux (Deux) Cigognes', ""Imprimeur-libraire ; à Pont-à-Mousson, imprimeur du duc de Lorraine ; à Paris, imprimeur (ordinaire) du Roi (1633) (et de la Reine régente). Né en 1583 ou 1584 ; fils de Pierre Cramoisy, marchand bourgeois de Paris, et non d'un premier Sébastien libraire ; petit-fils par sa mère et successeur de Sébastien Nivelle, mort en 1603. Paie la taxe d'ouverture de boutique en 1606. Membre de la Compagnie de la Grand-Navire, qu'il dirige, et de la Compagnie des usages (1631)"", 'Devise(s) : Honora patrem tuum et matrem tuam ut sis longaevus super Terram. Justorum his nomina fulgent']"
Du Crocq, Jean	http://www.idref.fr/032058829/id	['http://data.bnf.fr/ark:/12148/cb12316135j#foaf:Person', 'http://isni.org/isni/0000000364655957', 'http://viaf.org/viaf/227058414']	12316135		16..	16..			"[""Paris : 1649?-1652? ; Au Mont Saint-Hilaire, près le Puits Certain ; Rue d'Écosse, près le Puits Certain""]"
Cusset, Pierre	http://www.idref.fr/128319380/id	['http://isni.org/isni/0000000417515190', 'http://viaf.org/viaf/272134223']				1663	male	"[""Imprimeur. - Lieu d'activité : Chalon-sur-Saône. - Dates d'activité : 17e s.""]"	
Daré, Robert	http://www.idref.fr/03098761X/id	['http://data.bnf.fr/ark:/12148/cb122293842#foaf:Person', 'http://viaf.org/viaf/46813425', 'http://isni.org/isni/0000000007820248']	12229384		1616-?	1656-06-21			['Rouen : 1640?-1656 ; Dans la cour du Palais', 'Le Petit-Quevilly (Quevilly) : 1640?-1656', 'Imprimeur-libraire. Fils de Thomas I Daré. Dit âgé de 40 ans lors de son décès (juin 1656)']
Dedin, Isaac	http://www.idref.fr/069044546/id	['http://isni.org/isni/0000000009222823', 'http://data.bnf.fr/ark:/12148/cb13526392m#foaf:Person', 'http://viaf.org/viaf/17381710']	13526392	['Dedin, Jean (imprimeur-libraire)', 'Desdin, Isaac (imprimeur-libraire)', 'Desdin, Jean (imprimeur-libraire)']	160X	165.		['Imprimeur-libraire', 'Autre(s) graphie(s) : Dédin. De confession calviniste. Reçu maître le 20 avril 1628. Encore en activité en juillet 1652 (témoin au procès de Bernard de Bautru, avocat au Conseil du Roi)', 'Paris : 1628-1652? ; Rue des Noyers (, au coin de la rue Saint-Jean-de-Beauvais) ; Rue Saint-Jean-de-Beauvais - Aux Trois Pigeons - Au Petit Écu', 'Devise(s) : Dabit Deus his quoque finem']	
Desprez, Guillaume	http://www.idref.fr/030987938/id	['http://isni.org/isni/0000000108720465', 'http://data.bnf.fr/ark:/12148/cb12229415h#foaf:Person', 'http://viaf.org/viaf/14823298']	12229415	['Desprez I, Guillaume (1629?-1708)']	1629-?	1708-07-04	male	"[""Imprimeur-libraire ; imprimeur et libraire ordinaire du Roi (1686). - En apprentissage chez l'imprimeur-libraire parisien Denis de La Noue à partir de mars 1643. Reçu libraire le 30 mars 1651, il publie au moins une mazarinade en 1652 mais n'aurait ouvert boutique qu'en 1654. Rachète le fonds du libraire Charles Savreux vers 1673-1674. Ouvre un atelier d'imprimerie dès 1687, mais ne sera reçu imprimeur en la communauté qu'en nov. 1706. Dit âgé de 72 ans lors de l'enquête de nov. 1701. Décédé le 4 juillet 1708. Inventaire après décès 22 juillet et 22 oct. 1709""]"	"[""Paris : 1654-1709 ; Rue Saint-Jacques (au-dessus des Mathurins ; vis-à-vis la (petite) porte (du cloître) des Mathurins) ; Au pied de la tour de Notre-Dame, du côté de l'archevêché - À (l'Image) Saint Prosper - Aux Trois vertus - À Saint Prosper et aux Trois vertus""]"
Du Pont, Pierre	http://www.idref.fr/030988225/id	['http://data.bnf.fr/ark:/12148/cb12229440q#foaf:Person', 'http://isni.org/isni/0000000001796013', 'http://viaf.org/viaf/29586472']	12229440	['Dupont, Pierre']	16..	1666			"['Imprimeur-libraire. Veuve attestée en oct. 1666', ""Paris : 1648-1666? ; Au Mont Saint-Hilaire, rue d'Écosse ; Rue des Sept-Voies, devant Saint-Hilaire ; Rue d'Écosse, proche Saint-Hilaire""]"
Estienne, Antoine	http://www.idref.fr/032075944/id	['http://isni.org/isni/0000000121209450', 'http://data.bnf.fr/ark:/12148/cb12317537k#foaf:Person', 'http://viaf.org/viaf/12376969']	12317537	['Etienne, Antoine', 'Estiene, Antoine', 'Stephanus, Antonius']	1592-06	1674			"[""Est vite confronté à de graves difficultés financières, fait faillite en 1630 et séjourne plusieurs fois en prison pour dettes entre 1633 et 1636. Est nommé imprimeur-libraire du Roi à La Rochelle en fév. 1630. En juin 1635 Antoine Vitré lui succède comme imprimeur du Clergé mais Antoine Estienne conserve sa pension. En août 1662 vend sa charge d'imprimeur du Roi à Sébastien Huré. Aurait cessé d'imprimer en 1664. Également auteur et poète. Serait mort à l'Hôtel-Dieu aveugle, infirme et ruiné. Veuve attestée en exercice en 1675"", ""Autre(s) graphie(s) : Estiene. Imprimeur-libraire ; imprimeur du clergé de France (1612-1635) ; premier imprimeur et libraire ordinaire du Roi (1613-1662). Fils du libraire genevois Paul Estienne qui se réfugie en France vers 1612. À Paris en 1612 il abjure la religion réformée entre les mains du cardinal Du Perron qui devient son protecteur. Obtient ses lettres de naturalité en sept. 1612 ; est nommé la même année huissier et imprimeur de l'Assemblée du clergé, et en déc. 1613 imprimeur ordinaire du Roi. Ne sera reçu maître qu'en oct. 1618 après des démêlés avec la communauté des libraires"", ""Paris : 1613-1674? ; Rue des Carmes, au collège (des Lombards ; des Italiens) ; Rue Saint-Jacques (au collège de Clermont ; devant le collège du Plessis ; près (ou : devant) Saint-Yves ; au Collège royal, devant Saint-Benoît ; au nouveau collège de France) - À l'Image Saint Martin - À l'Olivier - À l'enseigne de l'Amandier"", 'Devise(s) : Noli altum sapere sed time']"
Feugé, Robert	http://www.idref.fr/069012245/id	['http://data.bnf.fr/ark:/12148/cb15915877m#foaf:Person', 'http://viaf.org/viaf/228063889', 'http://isni.org/isni/000000043524489X']		['Feugé II, Robert']	1628-02-20	167X	male		"[""Paris, 13 septembre 1644-1671?. A l'image Saint-Sébastien, près le Puits Certain"", 'Imprimeur-libraire. Fils de Robert I Feugé (15..-1642). Gendre de Robert Mansion']"
Garcin, Claude	http://www.idref.fr/034874747/id	['http://data.bnf.fr/ark:/12148/cb125581298#foaf:Person', 'http://isni.org/isni/0000000360348132', 'http://viaf.org/viaf/222448340']	12558129		16..	1691-03-07		"[""Imprimeur-libraire ; imprimeur ordinaire de la ville [de Marseille] (1642-1666) ; imprimeur ordinaire du Roi ; imprimeur du clergé ; imprimeur du collège. Nommé imprimeur de la ville le 8 juillet 1642 avec une pension de 100 l. par an. Se qualifie en 1684, au moins, d'ancien imprimeur du Roi, du clergé et de la ville. Son gendre et ancien compagnon Henri Martel lui succède"", ""Lieu d'activité : Marseille. Dates d'activité : 1641-1691. Adresse : Au (ou : À l'enseigne du) Nom de Jésus""]"	
Gautier, Filbert	http://www.idref.fr/242734944/id	['http://viaf.org/viaf/107626774', 'http://data.bnf.fr/ark:/12148/cb161899296#foaf:Person']		['Gauthier, Filbert']	16..	16..	male	['Imprimeur']	['Paris, 17e s. Ruë Sarrazin aux Trois estoilles.']
Geoffroy, Pierre	http://www.idref.fr/177389885/id	['http://data.bnf.fr/ark:/12148/cb12230557r#foaf:Person', 'http://viaf.org/viaf/225080257', 'http://isni.org/isni/0000000362541374']		['Geuffroy, Pierre']	1602	1669	male		"[""Imprimeur-libraire. Fils de David I Geoffroy. Reçu maître en 1631 ou peu avant. De confession protestante. Dit âgé de 67 ans lors de son décès (oct. 1669). - Associé à son frère David II Geoffroy jusqu'à la mort de celui-ci (1665)"", ""Rouen : 1631?-1669. - Rue du Petit-Mont-Lévrier. - Rue de la Prison, près l'Écu d'Orléans, dans la cour (ou : proche l'hôtel) des Deux Anges""]"
Girard, Jacques	http://www.idref.fr/241807816/id	['http://viaf.org/viaf/150158125062714931183']		['Girard, Jacque']			male	['Imprimeur']	['Paris, 17e s. ruë de la vielle Monnois [sic], aux Trois maillet [sic]']
Gueffier, François	http://www.idref.fr/203103254/id	['http://viaf.org/viaf/55150565624606251190']			15XX	16XX	male	['Imprimeur-libraire, fils de François Gueffier (mort en 1623) et frère de Claude (mort en 1630) avec qui il fut reçu libraire à Paris le 17 janvier 1628.']	
Guignard, Jean	http://www.idref.fr/031113303/id	['http://isni.org/isni/0000000081722486', 'http://data.bnf.fr/ark:/12148/cb12239180b#foaf:Person', 'http://viaf.org/viaf/107030476']	12239180	['Guignard II, Jean']	1632-?	1719-04-09	male	"[""Paris : 1652-1719 ; En la (ou : À l'entrée de la) grand-salle (du Palais) (, du côté de la cour des Aides) ; Rue Saint-Jacques, vis-à-vis (ou : devant) la rue du Plâtre - À l'Image Saint Jean"", 'À partir de 1686, associé à son fils Michel', ""Variante : Jean Guignard le jeune. Libraire ; libraire de Son Altesse Sérénissime le duc d'Orléans. Fils aîné de Jean I Guignard. Âgé de 69 ans lors de l'enquête de nov. 1701 et de 87 ans et demi lors de son décès (avril 1719)""]"	
Guillemot, Veuve de Jean	http://www.idref.fr/035225521/id	['http://data.bnf.fr/ark:/12148/cb13175232k#foaf:Person', 'http://viaf.org/viaf/221460858', 'http://isni.org/isni/0000000359773502']	13175232	['Guillemot I, Veuve de Jean (16..-16..)']	16..	16..			"['""Imprimeuse"" ordinaire de Son Altesse Royale [le duc d'Orléans] (1651). Nom de jeune fille : probablement Louise Pinchard, 2e épouse de Jean I Guillemot (avant juin 1634). Nommée ""imprimeuse"" ordinaire du duc d'Orléans par brevet du 2 déc. 1651. Encore en activité en 1656. N'est plus attestée lors de l'enquête de juillet 1657', ""Paris : 1649-1656 ; Rue des Marmousets, proche (ou : devant la petite porte de) (l'église de) la Madeleine (ou : Sainte-Marie-Madeleine) (, ou bien en sa boutique au Palais, en la petite allée devant Saint-Barthélemy, sur la montée de la grand-salle) - À (l'enseigne de) la Camisole royale""]"
Guillery, Jacques	http://www.idref.fr/069094640/id	['http://isni.org/isni/0000000060006122', 'http://viaf.org/viaf/88106216', 'http://data.bnf.fr/ark:/12148/cb160276582#foaf:Person']			16XX	1649	male		['Imprimeur-libraire', 'Paris, 1644-1649. Rue des Sept Voyes, devant le collège de Fortet, proche ontaigu']
Hardouin, Louis	http://www.idref.fr/030990076/id	['http://data.bnf.fr/ark:/12148/cb12229577b#foaf:Person', 'http://isni.org/isni/0000000001761072', 'http://viaf.org/viaf/27118597']	12229577		16..	16..			['Paris : 1652 ; Rue Saint-Victor']
La Haye, Jean de	http://www.idref.fr/029417244/id	['http://data.bnf.fr/ark:/12148/cb12104943b#foaf:Person', 'http://isni.org/isni/0000000066311494', 'http://viaf.org/viaf/34487000']	12104943		1593-03-20	1661-10-15		"[""Franciscain et théologien, il enseigna la philosophie et la théologie. Prédicateur ordinaire de la reine Anne d'Autriche. Connu pour deux ouvrages : Biblia magna (1643, 5 vol.) et Biblia maxima (1660, 19 vol.)""]"	"[""Né à Paris. Prend l'habit des frères mineurs de la réforme de saint Pierre d'Alcantara en Andalousie. Prédicateur d'Anne d'Autriche et de Louis XIII. Lègue sa riche bibliothèque aux Cordeliers""]"
La Haye, Rolin de	http://www.idref.fr/03099182X/id	['http://isni.org/isni/0000000110423283', 'http://data.bnf.fr/ark:/12148/cb12229703b#foaf:Person', 'http://viaf.org/viaf/19730875']	12229703	['Delahaie, Rolin (libraire-relieur)', 'La Haie, Rolin de (libraire-relieur)']	16..	16..	male		"['Devise(s) : Si in viridi, quid in arido ?', 'Par sentence du 27 fév. 1671, il lui est défendu de servir de prête-nom à des compagnons tenant boutique', ""Paris : 1634-1668? ; Rue d'Écosse, (au Mont Saint-Hilaire,) près le Puits Certain""]"
Hébert, Etienne	http://www.idref.fr/069045453/id	['http://data.bnf.fr/ark:/12148/cb161899025#foaf:Person', 'http://viaf.org/viaf/107626630', 'http://isni.org/isni/0000000077468788']			16XX	16XX	male		"['Imprimeur-libraire', ""Paris, 1633-1657?. Rue des Sept Voyes (1634); rue d'Ecosse, derrière St-Hilaire, à l'image St-Ambroise (1635); Au mont St-Hilaire (1649)""]"
Hénault, Jean	http://www.idref.fr/033309213/id	['http://isni.org/isni/0000000108989536', 'http://data.bnf.fr/ark:/12148/cb12418842d#foaf:Person', 'http://viaf.org/viaf/49313508']	12418842	['Henault, Joannes']	16..	1673	male	"['Imprimeur-libraire et fondeur de caractères ; (imprimeur-) libraire juré en l'université de Paris (1657?). Fils de l'imprimeur-libraire parisien Mathurin Hénault. Reçu maître le 27 sept. 1635. Publie en 1667 un ""Catalogue des livres imprimez par Jean Henault..."" et des ""Epreuves des poinçons, matrices, lettres et caracteres"" de son imprimerie. Encore en activité en 1673. Veuve attestée dès 1673', ""Travaille fréquemment en association avec son père Mathurin Hénault jusqu'en 1651"", ""Adresse : Paris (1635-1673), Rue Clopin, devant le (collège du) Petit-Navarre ; Rue Saint-Jacques ; (Au Palais,) Dans la salle Dauphine ; Rue Saint-Jacques. - À l'Ange gardien ; À (l'Image) Saint Raphaël ; À l'Ange gardien et à Saint Raphaël ; À l'Ange gardien""]"	
Hénault, Mathurin	http://www.idref.fr/032689519/id	['http://data.bnf.fr/ark:/12148/cb12367092c#foaf:Person', 'http://isni.org/isni/0000000066473952', 'http://viaf.org/viaf/69007541']	12367092	['Henault, Mathurinus']	15XX	1654		"['Devise(s) : Medio tutissimus ibis', ""Imprimeur-libraire. - Entré en apprentissage chez l'imprimeur-libraire parisien Pierre II Sevestre en juin 1602. Reçu maître en oct. 1618. Encore en activité en juin 1651. Sépulture le 25 fév. 1654 à Paris, paroisse Saint-Étienne-du-Mont. À partir de 1635, travaille fréquemment en association avec son fils Jean Hénault."", ""Adresse : Paris : 1618-1654. - Rue Clopin, derrière Boncourt [1624]. - Rue Clopin, devant le Petit Navarre (et à sa boutique en la cour du Palais, à côté de la chapelle Saint-Michel, proche la fontaine) [1626-1631]. - Rue Clopin (et au Pont-Neuf, près la Samaritaine) [1637-1639]. - Rue Saint-Jacques (, proche le collège des Jésuites) [1643-1650]. - Enseigne(s) : À l'Ange gardien""]"	
Herault, Jacques	http://www.idref.fr/243234740/id	['http://viaf.org/viaf/172352716', 'http://data.bnf.fr/ark:/12148/cb16524738v#foaf:Person']	16524738	['Herault II, Jacques (1618?-1690)']	1618-?	1690-09	male	['Rouen']	['Vraisemblablement fils du libraire de Rouen Jacques I Herault. Établi vers 1641. Sépulture le 9 sept. 1690 à Rouen ; dit alors âgé de 72 ans environ. Sa veuve lui succède. Père du libraire Eustache Herault']
Hernault, Antoine	http://www.idref.fr/113981716/id	['http://viaf.org/viaf/227714018', 'http://data.bnf.fr/ark:/12148/cb12239199r#foaf:Person', 'http://isni.org/isni/0000000363386820']	12239199	['Hernault III, Antoine']	1614-03-26	1656		"[""Lieu d'activité : Saumur. Dates d'activité : 1646-1656. Enseigne : Au Nom de Jésus""]"	"[""Imprimeur-libraire ; imprimeur ordinaire du Roi. Fils de René Hernault, de Saumur ; frère puîné et successeur d'André Hernault. À distinguer d'Antoine II Hernault, imprimeur-libraire à Angers""]"
Hotot, Gilles	http://www.idref.fr/093612176/id	['http://data.bnf.fr/ark:/12148/cb144551823#foaf:Person', 'http://isni.org/isni/0000000364426759', 'http://viaf.org/viaf/225752881']	14455182		16..	1672-?	male	"[""Lieu d'activité : Orléans. Dates d'activité : 1642-1672. Adresse : Rue de l'Escrivinerie. Adresse : Proche Sainte-Croix""]"	"[""Imprimeur-libraire ; imprimeur du Roi (1649) et de monseigneur le duc d'Orléans. Fils de Gilles I Hotot. Exerce sans doute dès 1642 en association avec sa mère, veuve de Gilles I Hotot""]"
Hulpeau, Claude	http://www.idref.fr/031113753/id	['http://data.bnf.fr/ark:/12148/cb12239213g#foaf:Person', 'http://isni.org/isni/0000000364479041', 'http://viaf.org/viaf/229030646']	12239213		158X	1649			"[""Paris : 1606-1649? ; Rue Saint-Jacques ; Rue Saint-Germain, près de la Tour d'argent ; Près du portail de la Monnaie ; Au bout du pont Saint-Michel, à l'entrée du marché Neuf ; Rue de la Calandre, près le Palais ; Sous les halles de Saint-Jacques-l'Hôpital, rue Saint-Denis - À l'Écu de Bourgogne - À l'Image Saint Nicolas"", 'Imprimeur-libraire. Vraisemblablement apparenté au libraire Jean II Hulpeau. Recu libraire en 1606, il commence aussi à imprimer peu après. Veuve attestée en fév. 1650']"
Huot, Claude	http://www.idref.fr/030990912/id	['http://data.bnf.fr/ark:/12148/cb12229635p#foaf:Person', 'http://viaf.org/viaf/224751101', 'http://isni.org/isni/0000000362335140']	12229635		16..	16..			['Paris : 1646-1650? ; Rue Saint-Jacques (, proche les Jacobins) - Au Pied de biche', 'Reçu maître en janv. 1646']
Huré, Sébastien	http://www.idref.fr/030990955/id	['http://isni.org/isni/0000000110571104', 'http://data.bnf.fr/ark:/12148/cb12229637c#foaf:Person', 'http://viaf.org/viaf/39429655']	12229637	['Huré II, Sébastien', 'Huré fils, Sébastien']	1621-02-24	1678-11-22	male	"[""Libraire ; imprimeur du Roi (1662). Reçu libraire en fév. 1646 ; gendre du libraire Jacques Quesnel, succède à son père Sébastien I Huré en 1651, d'abord en association avec sa belle-mère, veuve de celui-ci ; reçu imprimeur du Roi en août 1662 par la cession d'Antoine Estienne ; se démet en avril 1667 en faveur de Frédéric I Léonard, son associé depuis 1656, à qui il revend également son fonds""]"	['Adresse : Paris : 1646-1667 ; Rue Saint-Jacques - À la Visitation - Au Coeur bon', 'Devise(s) : Ego dormio, et cor meum vigilat']
Jacquard, Nicolas	http://www.idref.fr/031113907/id	['http://data.bnf.fr/ark:/12148/cb12239223s#foaf:Person', 'http://isni.org/isni/0000000109088537', 'http://viaf.org/viaf/64060173']	12239223		16..	1680-01-01			"['Clermont-Ferrand : 1653-1679 ; Près la Grande fontaine', 'Sens : 1639-1641', 'Paris : 1646-1651 ; Rue Chartière (, près le Puits Certain) - Au Treillis vert - À la Charité - À la Renommée', ""Imprimeur-libraire ; imprimeur ordinaire de monseigneur l'archevêque et du diocèse de Sens (1641-1650) ; à Clermont-Ferrand, (premier) imprimeur et libraire ordinaire du Roi, de monseigneur l'évêque et du clergé. Fils de l'imprimeur de Troyes Jean Jacquard. Recu libraire à Paris en juillet 1646 ; y exerce l'imprimerie à partir de 1649 ou peu avant. Venu à Clermont-Ferrand en nov. 1651 à l'invitation de l'évêque. Dit, sans doute à tort, âgé de 60 ans lors de son décès (1er janv. 1680)"", 'Devise(s) : Discite justitiam moniti']"
Josse, Georges	http://www.idref.fr/032511469/id	['http://isni.org/isni/000000036638226X', 'http://data.bnf.fr/ark:/12148/cb12352728s#foaf:Person', 'http://viaf.org/viaf/230020025']	12352728	['Josse I, Georges', 'Iosse, Georges']	159.-?	1678-03-04	male		"['Devise(s) : In spinis collige rosas', 'Variante(s) de prénom : Georgius. - Libraire. - Entre en apprentissage chez le libraire-relieur parisien Claude Bazin en juin 1609. Reçu maître le 2 sept. 1627. Gendre du libraire Jean II de Heuqueville à qui il succède. Membre des Compagnies des usages et de la Grand-Navire. Décédé à Paris en mars 1678. Père des libraires Claude, Georges II, Louis et Pierre II Josse ; beau-père du libraire Charles Angot', ""Paris : 1627-1678 ; Rue Saint-Jacques - À la Couronne d'épine(s)""]"
Julien, Jean	http://www.idref.fr/073780715/id	['http://viaf.org/viaf/195989136', 'http://data.bnf.fr/ark:/12148/cb16656953k#foaf:Person', 'http://isni.org/isni/0000000357084279']		['Julien I, Jean']	16	16	male		"[""Libraire et imprimeur juré de l'université. Paris, 21 avril 1649 - 1660?. Adresse : via Citharea, sub signo Quatuor evangelistarum, prope collegium Justinianum & Harcurianum = rue de la Harpe, aux Quatre évangélistes, proche les collèges de Justice et d'Harcourt""]"
Lalemant, Pierre	http://www.idref.fr/029910986/id	['http://isni.org/isni/0000000106549641', 'http://data.bnf.fr/ark:/12148/cb12143639v#foaf:Person', 'http://viaf.org/viaf/73890722']	12143639	['Lallemant, Pierre', 'Lalement, Pierre']	1622	1673-02-18			"[""Professeur de rhétorique au collège du cardinal Lemoine. Recteur de l'Université (1653-1655). Génovéfain (1656). Prieur de Sainte-Geneviève. Chancelier de l'Université (1662). Orateur"", 'Écrit aussi en latin']"
Lambert, Etienne	http://www.idref.fr/092388027/id	['http://isni.org/isni/0000000079624908', 'http://viaf.org/viaf/120750758']			16XX	16XX	male	['Libraire. - Paris : 1652. - Adresse : au Mont Saint-Hilaire']	
L'Angevin, Nicolas	http://www.idref.fr/241359864/id	['http://data.bnf.fr/ark:/12148/cb16185913v#foaf:Person', 'http://isni.org/isni/000000007775504X', 'http://viaf.org/viaf/107611512']	16185913	['Langevin, Nicolas']	16..	16..	male	"[""Imprimeur-libraire. Publie une mazarinade en 1652. Peut-être s'agit-il d'un pseudonyme, éventuellement l'anagramme de l'imprimeur-libraire parisien Nicolas de La Vigne"", ""Lieu d'activité : Paris. Dates d'activité : 1652""]"	
Langlois, Jacques	http://www.idref.fr/033485267/id	['http://data.bnf.fr/ark:/12148/cb12434679n#foaf:Person', 'http://isni.org/isni/0000000360940558', 'http://viaf.org/viaf/222114694']	12434679	['Langlois II, Jacques (1635-1693)']	1635-07	1693			"['Autre(s) graphie(s) : Langlois fils. Imprimeur-libraire ; imprimeur ordinaire du Roi (1678). 2e fils de Jacques I Langlois à qui il succède comme imprimeur du Roi', ""Travaille souvent en association avec son père jusqu'à la mort de ce dernier en 1678"", ""Paris : 1652-1693 ; Au Palais ; Rue d'Écosse ; Rue Galande, proche la place Maubert, vis-à-vis la rue du Fouarre ; Rue Saint-Jacques, au coin de la rue des Noyers, près (ou : proche) (la chapelle) Saint-Yves - Aux Trois Crémaillères - À la Reine de Paix - À l'Image Saint Vincent - À l'Image Saint Jacques le Mineur""]"
Langlois, Denis	http://www.idref.fr/066009316/id	['http://data.bnf.fr/ark:/12148/cb124825239#foaf:Person', 'http://isni.org/isni/0000000110403338', 'http://viaf.org/viaf/14365637']	12482523	['Langlois II, Denis']	1602-06-17	16XX			"[""Autre(s) graphie(s) : Langlois aîné ; Langlois père. Imprimeur-libraire. Fils de Denis I Langlois. Reçu maître en déc. 1644. Arrêté en juin 1657 pour impression de pamphlets jansénistes, il est relâché après avoir avoué. Un arrêt du 17 févr. 1667 lui enjoint de fermer son atelier, ainsi qu'à 12 autres imprimeurs, faute de satisfaire aux conditions requises. Encore en activité en nov. 1667 (quittance alors un apprenti)"", ""Paris : 1644-1667? ; Rue des Sept-Voies ; Au Mont Saint-Hilaire (, près la Puits Certain ; dans la cour d'Albret) - À l'enseigne du Pélican""]"
Larru, Samuel de	http://www.idref.fr/154747300/id	['http://isni.org/isni/0000000364740772', 'http://data.bnf.fr/ark:/12148/cb16173792r#foaf:Person', 'http://viaf.org/viaf/227077741']	16173792		16..	16..	male	"[""Lieu d'activité : Paris. Dates d'activité : 1652. Adresse : Près Saint-Étienne""]"	['Libraire. - Publie des mazarinades en 1652']
Laureau, Laurent	http://www.idref.fr/198626924/id	['http://data.bnf.fr/ark:/12148/cb161951533#foaf:Person', 'http://isni.org/isni/0000000079147988', 'http://viaf.org/viaf/120750762']	16195153		16..	16..	male	"[""Lieu d'activité : Paris. Dates d'activité : 1652""]"	"[""Publie des mazarinades en 1652. Peut-être s'agit-il d'un pseudonyme""]"
Champenois, Pierre	http://www.idref.fr/109902726/id	['http://viaf.org/viaf/218396028']		['Champenois, P.', 'Champenois, Pierre Ier']	15..	1649-03	male	"['En 1633, travaille en association avec le libraire Pierre Trichard', 'Libraire-relieur. - En apprentissage chez le libraire parisien Guillaume I Macé à partir de juin 1610. Reçu maître le 14 mai 1626. En 1645 obtient des lettres de colporteur. Le 1er mars 1648, des pièces de théâtre de Pierre Corneille contrefaites sont saisies dans sa boutique ainsi que chez d'autres libraires parisiens ; une sentence du Châtelet du 28 nov. 1648 les condamne aux dommages et intérêts et porte confiscation des livres saisis (cf. G. Lepreux, ""Revue des bibliothèques"", XXIV, 1914, pp. 159-161). Sépulture le 5 mars 1649 à Paris', ""Lieu d'activité : Paris. Dates d'activité : 1626-1649. Adresse : (Dessus (ou : Sur) le Pont-Neuf,) Proche (ou : vis-à-vis ; devant) la Samaritaine""]"	
Leché, Marin	http://www.idref.fr/122642996/id	['http://viaf.org/viaf/7666914', 'http://data.bnf.fr/ark:/12148/cb150270886#foaf:Person', 'http://isni.org/isni/0000000002804070']	15027088	['Le Ché, Marin']	162X	1679	male	"[""Lieu d'activité : Paris. Dates d'activité : 1649-1679?. Adresse : Dans la (grande) salle du Palais (, au premier pilier, vis-à-vis la chapelle ; proche le Bailliage ; vers la cour des Aides). Adresse : Au septième pilier de la Grand-Salle (du Palais). Enseigne : Au Soleil d'or""]"	"['Libraire ; imprimeur et libraire ordinaire du Roi (1653-1661) ; imprimeur ordinaire de Monseigneur le duc d'Anjou (1652-1654). Entré en apprentissage chez l'imprimeur-libraire parisien Pierre Rocolet en mars 1639 pour 6 ans. Reçu maître le 14 mai 1649. Aurait obtenu, en 1653 ou peu avant, un brevet d'imprimeur de la garde-robe du Roi. Poursuivi en justice par la communauté des imprimeurs et libraires de Paris pour usurpation de la qualité d'imprimeur et libraire ordinaire du Roi. Ne semble pas s'être prévalu de ce titre après 1661, un arrêt du 21 mars 1661 lui défendant de continuer à le prendre sous peine de 3 000 l. d'amende. Antoine Fournot est cependant reçu imprimeur de la garde-robe du Roi le 9 mars 1680 ""aux lieu et place de deffunct Marin Leché']"
Le Gentil, Jacques	http://www.idref.fr/152165088/id	['http://isni.org/isni/0000000121226728', 'http://data.bnf.fr/ark:/12148/cb15590791n#foaf:Person', 'http://viaf.org/viaf/17544003']		['Gentil, Jacques']	160X	1672	male	"[""Lieu d'activité : Paris. Dates d'activité : 1651-1672?. Adresse : Rue d'Écosse, près Saint-Hilaire. Adresse : Rue des Noyers, au coin de la rue Saint-Jean-de-Beauvais. Enseigne : À l'enseigne de Saint Jérôme""]"	"['Variante(s) de prénom : Jacobus. - Imprimeur-libraire. - De confession calviniste. Frère puîné du libraire parisien Jean Le Gentil. Reçu apprenti de l'imprimeur-libraire parisien Pierre II Des Hayes en août 1622. Reçu maître le 7 mars 1652, mais attesté en activité dès oct. 1651 (il est alors arrêté par le lieutenant civil du Châtelet pour impression d'un libelle annonçant le mariage prétendu du cardinal Mazarin et de la reine mère Anne d'Autriche). Auteur de plusieurs mazarinades, dont ""Le Dernier Combat donné devant Etampes..."" et ""Relation véritable contenant tout ce qui s'est passé à la défaite des troupes du maréchal de Turenne..."" (mai-juin 1652). Arrêté en mai 1652 sur ordre du parlement de Paris pour la publication des ""Dernieres Resolutions faites en parlement"", libelle annonçant l'abandon d'autorité du parlement entre les mains de Gaston d'Orléans. Encore en activité en 1670. Veuve attestée de 1672 à sept. 1694 au moins']"
Le Muet, Pierre	http://www.idref.fr/241689155/id	['http://data.bnf.fr/ark:/12148/cb16192945z#foaf:Person', 'http://viaf.org/viaf/120177668']	16192945		16	16	male	"[""Lieu d'activité : Paris. Dates d'activité : 1652. Adresse : Près la porte Saint-Jacques""]"	"[""Publie au moins une mazarinade en 1652. Peut-être s'agit-il d'un pseudonyme""]"
Le Prest, Martin	http://www.idref.fr/122895371/id	['http://data.bnf.fr/ark:/12148/cb16134264j#foaf:Person', 'http://isni.org/isni/0000000071284646', 'http://viaf.org/viaf/100352955']			16	169	male	"[""Imprimeur-libraire. - Lieu d'activité : Paris. - Dates d'activité : 1645-1690?. - Adresse : rue Saint-Jacques, devant [la fontaine] S. Séverin. - Enseigne : à la Couronne de France. - Décède avant août 1693""]"	
Le Rat, Jean	http://www.idref.fr/20451391X/id	['http://data.bnf.fr/ark:/12148/cb16187920m#foaf:Person', 'http://isni.org/isni/000000007740264X', 'http://viaf.org/viaf/107619178']	16187920	['Rat, Jean']	161.-?	1667-10	male	"[""Lieu d'activité : Paris. Dates d'activité : 1647-1667. Adresse : Rue des Sept-Voies (, devant le collège de Reims). Adresse : Rue d'Écosse (, au mont Saint-Hilaire). Enseigne : À l'Image Saint Étienne. Enseigne : Aux Trois Crémaillères""]"	"['Libraire. - En apprentissage chez le libraire parisien Robert I Feugé en août 1625. Reçu maître le 15 mars 1647. Publie en 1649 ""Le Courrier bourdelois"". Rachète en 1652 le fonds de librairie de la veuve d'Antoine Coulon et publie à cette date des mazarinades sous son adresse, ""rue d'Écosse, aux Trois Crémaillères"". Sépulture Paris, 28 oct. 1667']"
Le Roy, Claude	http://www.idref.fr/031005586/id	['http://data.bnf.fr/ark:/12148/cb122307428#foaf:Person', 'http://isni.org/isni/0000000367182999', 'http://viaf.org/viaf/231002209']	12230742	['Leroy, Claude', 'Le Roi, Claude']	1606	169?			['Imprimeur-libraire. Fils du libraire-relieur Jacques I Le Roy. Relieur attesté dès avant 1641, il est recu libraire en déc. 1643 et imprimeur en 1686. Décédé avant nov. 1691', 'Paris : 1643-169.? ; Au Mont Saint-Hilaire (ou : Sainte-Geneviève)']
Lesselin, Alexandre	http://www.idref.fr/032075812/id	['http://data.bnf.fr/ark:/12148/cb123175247#foaf:Person', 'http://isni.org/isni/0000000110444682', 'http://viaf.org/viaf/22210028']	12317524		16..	16..			['Apprenti puis gendre du libraire-relieur Louis I Frémery. Libraire en 1644, il est reçu imprimeur en 1656. Doit fermer son atelier en 1667 sur décision du Conseil de police du 17 fév', 'Paris : 1644-1667 ; Rue Saint-Jean-de-Beauvais ; Rue de la (Vieille-) Bouclerie (, près le pont Saint-Michel ; proche la grand-porte du Palais, au coin de la rue de Calandre) ; Au coin de la rue Dauphine, devant le Pont-Neuf - Au Cheval Pégase - À la Fontaine des Pastoureaux']
Lozet, Veuve de Thomas	http://www.idref.fr/241296188/id	['http://isni.org/isni/0000000075133052', 'http://data.bnf.fr/ark:/12148/cb161739197#foaf:Person', 'http://viaf.org/viaf/103682647']	16173919	['Loizet, Veuve de Thomas', 'Loset, Veuve de Thomas']	16..	1652-11	female	['Paris']	"[""Nom patronymique : Simone Balbie ou Françoise Bigault. - Imprimeur-libraire. - Succède à son mari l'imprimeur-libraire parisien Thomas Lozet, décédé en 1650 ou 1651. Publie des mazarinades. Sépulture le 25 nov. 1652 à Paris, paroisse Saint-Étienne-du-Mont""]"
Loyson, Guillaume	http://www.idref.fr/034072543/id	['http://isni.org/isni/0000000006911746', 'http://data.bnf.fr/ark:/12148/cb12486572g#foaf:Person', 'http://viaf.org/viaf/17325391']	12486572	['Loison, Guillaume']	15..	1651	male		"['Adresse(s) : Paris : 1617?-1651 ; Au Palais, en (ou : au milieu de) la galerie des Prisonniers (, près la Chancellerie) ; Au Portique du Palais ; (En la ; Dans la) Cour de Saint-Jean-de-Latran - À la Salamandre - Au Nom de Jésus', ""Devise(s) : Nous brûlons le monde, en brûlant je vis, c'est pour le conserver. - Splendor summus haud intuendus. - Te annuente fruemur bonis"", ""Libraire. - Gendre (avril 1614) du libraire parisien Claude de Monstr'?il et probablement établi au Palais dès 1614. Reçu maître en 1618, on trouve déjà une éd. sous son nom en 1617. Décédé avant le 18 août 1651 (veuve attestée)""]"
Loyson, Jean-Baptiste	http://www.idref.fr/061291285/id	['http://viaf.org/viaf/27364293', 'http://isni.org/isni/0000000004958516']		['Loison, Jean-Baptiste', 'Loyson I, Jean-Baptiste']	161X-?	1694	male	"[""Adresse(s) : Paris (1638?-1694), Rue Saint-Jacques, près la Poste [1640] ; Au Palais, en la salle Dauphine [1648-1649] ; Au Palais, sur le Perron royal, près la porte de la Grande Salle [1652] ; Près la Sainte-Chapelle, à l'entrée de la petite salle des Merciers [1654] ; Rue Saint-Jacques (, près la Poste) [1659-1662] ; Au Palais, devant la Sainte-Chapelle [1663] ; À l'entrée de la grande salle du Palais, du côté de Saint-Barthélemy [1665] ; Dans la grande salle du Palais [1668]. - Au cinquième pilier de la grande salle du Palais [1669-1670] ; Au Palais, (dans la salle des Merciers ; à l'entrée de la salle des Merciers) proche (ou : devant) la Sainte-Chapelle [1672-1676] ;À la Croix d'or [1640] ; À la Croix royale [1659-1662] ; À la Croix d'or [1665-1676]""]"	"[""Libraire. - Fils aîné du libraire parisien Guillaume Loyson. Reçu maître le 20 oct. 1639, il exerce dès 1638. Saisie de contrefaçons dans sa boutique de la salle Dauphine du Palais le 3 mars 1648. Père du libraire Henri Loyson, reçu en oct. 1664. En procès avec Damien Foucault et les héritiers de Pierre Rocollet en fév. 1666 - janv. 1667 pour contrefaçon de livres d'église à l'usage de Paris et de Rome dont ils détenaient le privilège. Encore en activité en 1694, il ne figure plus sur la liste établie pour la capitation en 1695 ni sur la liste professionnelle de 1697""]"
Lozet, Thomas	http://www.idref.fr/076434613/id	['http://viaf.org/viaf/95356632', 'http://isni.org/isni/0000000068219536']				165	male	"[""Reçu maître le 10 nov. 1639. Publie notamment des mazarinades. Encore en activité en mai 1650.- Paris, 1639-1650. - Adresses : rue des Carmes, A l'arbre de vie [1639] ; rue des Amandiers, Aux deux dauphins [1640-1641] ; Sur le Pont-au-Change, à l'Escu de France [1650] . - Veuve attestée en novembre 1652""]"	
Macé, Nicolas	http://www.idref.fr/241670837/id	['http://viaf.org/viaf/78158124955414930896']					male	['Imprimeur']	['Paris, 17e s. Mont saint Hilaire']
Marette, Claude	http://www.idref.fr/069093946/id	['http://isni.org/isni/0000000069630941', 'http://viaf.org/viaf/95348938']			15XX	1649			['Imprimeur-libraire', 'Paris, 1607-1649. Rue Galande, aux écoles de Picardie, près la place Maubert (1627-1629); rue des Carmes, au Nom de Jésus (1643); rue des Lavandières, près la place Maubert, aux Trois coeurs (1649); au 5e pilier de la grande salle du Palais (1649)']
Marette, Veuve de  Claude	http://www.idref.fr/202453642/id	['http://isni.org/isni/0000000077130621', 'http://data.bnf.fr/ark:/12148/cb161818488#foaf:Person', 'http://viaf.org/viaf/107069350']	16181848	['Maret, Veuve de Claude (imprimeur-libraire)']	16..	16..	female	"[""Lieu d'activité : Paris. Dates d'activité : 1651?-1652. Adresse : Rue des Lavandières (, près la place Maubert). Adresse : Au Palais (, au cinquième pilier de la Grande Salle). Enseigne : Aux Trois Cœurs""]"	"[""Nom patronymique : Geneviève Marguillier. - Succède à son mari l'imprimeur-libraire parisien Claude Marette, décédé en 1651 ou peu après""]"
Martin, Sébastien	http://www.idref.fr/073757535/id	['http://isni.org/isni/0000000120985669', 'http://viaf.org/viaf/251533036', 'http://data.bnf.fr/ark:/12148/cb14629551m#foaf:Person']		['Martin, Sebastianus (imprimeur-libraire)', 'Martin, Sébastien (imprimeur-libraire)']	161X	1681-08-11	male	"[""Paris, 1646-1681. Adresses : rue Saint-Jacques à l'enseigne Saint-Jean l'évangéliste, devant les Mathurins ; rue Saint-Jean-de-Latran, près le Collège royal (, devant Saint-Benoît) ; rue d'Ecosse, au Mont Saint-Hilaire (à Saint-Jean l'évangéliste) (en 1657) ; rue Saint-Jean-de-Beauvais, à Saint-Jean l'évangéliste"", 'Imprimeur-libraire']"	
Maucroy, Étienne	http://www.idref.fr/032566891/id	['http://isni.org/isni/0000000108959687', 'http://data.bnf.fr/ark:/12148/cb123572216#foaf:Person', 'http://viaf.org/viaf/46837070']	12357221	['Maucroix, Étienne']	16..	1679			"['Imprimeur-libraire. Reçu maître en avril 1646. Veuve attestée en mars 1679', 'Paris : 1646-1679? ; Rue de la Harpe (, vis-à-vis la rue des Mathurins ; proche la Croix de fer) ; Rue du Foin, proche la rue de la Harpe - À la Pomme de pin - Au Miroir', ""A travaillé en association avec son beau-père Théodore Pépingué puis avec la veuve de celui-ci jusqu'en 1652 au moins""]"
Mettayer, Michel	http://www.idref.fr/069271291/id	['http://isni.org/isni/0000000366954336', 'http://data.bnf.fr/ark:/12148/cb13522430c#foaf:Person', 'http://viaf.org/viaf/231340762']	13522430	['Metayer, Michel (imprimeur-libraire)']	16..	16..			"['Saint-Germain-en-Laye : 1649', ""(Premier) imprimeur (et libraire) ordinaire (et extraordinaire) du Roi (1647-1668). Sans lien de parenté connu avec Jamet et Pierre Mettayer. D'abord établi à Sens, de 1640 à 1643 au moins, il est attesté à Paris dès 1647. Par un arrêt du Conseil du 21 mars 1661, il lui est fait défense, ainsi qu'à 7 autres, de se prévaloir du titre d'imprimeur ordinaire du Roi ; il continue pourtant de le faire figurer en tête de ses publications jusqu'en 1668 au moins"", ""Paris : 1647-1668 ; En l'île Notre-Dame (, proche le pont Marie ; sur le pont Marie) ; Rue de la Huchette (, attenant à l'enseigne de la Bastille, vis-à-vis l'Y grec ; attenant à la Croix blanche, vis-à-vis la Fleur de lys) - À l'Image Saint Jean - Au Cygne - À la Coupe - À la Croix blanche - À l'enseigne du Temple - À l'enseigne de la Bastille"", 'Sens : 1640-1643']"
Meturas, Gaspard	http://www.idref.fr/068662858/id	['http://data.bnf.fr/ark:/12148/cb122298148#foaf:Person', 'http://viaf.org/viaf/159915208', 'http://isni.org/isni/0000000107160371']	12229814	['Meturas I, Gaspard (15..-168.?)', 'Maturas, Gaspard (libraire)', 'Methuras, Gaspard (libraire)']	15XX	168X		"[""Paris : 1610-1680? ; Rue Saint-Jacques (, près (ou : proche) les (RR. PP.) Mathurins) - À (l'enseigne de) la (Très-Sainte) Trinité"", 'Associé à partir de 1662 à son fils Gaspard II Meturas, qui lui succède', ""Libraire. Commence à exercer dès 1610, mais n'est recu maître qu'en sept. 1619""]"	
Millanges, Guillaume	http://www.idref.fr/080849792/id	['http://isni.org/isni/0000000078043829', 'http://viaf.org/viaf/120180579']			1602	1649	male	"['Imprimeur du roi à Bordeaux', 'Bordeaux : 1620-1649 ; Bazas : 1630', ""En 1625, succède à son frère Jacques, mais on trouve un livre avec son adresse dès 1620. Avait chaque année un contrat avec les jésuites pour l'impression des livres de classe""]"	
Mongiron Millanges, Jacques	http://www.idref.fr/076535215/id	['http://data.bnf.fr/ark:/12148/cb15122661s#foaf:Person', 'http://isni.org/isni/0000000121390552', 'http://viaf.org/viaf/71693422']		['Millanges, Jacques Mongiron']	1618-?	1695	male	['Imprimeur ordinaire du roi et de la ville de Bordeaux. Successeur de Guillaume Millanges à partir de 1649.Imprime de nombreuses Mazarinades', 'Bordeaux : 1649-1692 ; La réole : 1680-1689']	
Morlot, Claude	http://www.idref.fr/068986009/id	['http://viaf.org/viaf/73537902', 'http://isni.org/isni/0000000063027789']			1579	165	male	"[""Enseignes : à la Sirène ; au Soleil ; au Lion d'argent"", 'Adresses : rue Saint-Jacques ; rue Galande (1619) ; rue des Amandiers (1622-1629) ; rue Bordelle, au collège de Tournai ; en la ruelle, devant la petite porte [de] Saint-Séverin (1635-1637). - Rue des Sept-Voies, proche Saint-Hilaire (1639) ; rue du Petit-Pont (1640) ; au coin de la Rue de la Bûcherie, vis-à-vis la rue Saint-Julien-le-Pauvre, Aux Vieilles Étuves(1644-1649)', 'Imprimeur-libraire. Natif de Blaise-sous-Arzillières (Marne). En apprentissage à partir du 11 juin 1605 chez l'imprimeur-libraire parisien Martin II Vérard. Reçu maître le 4 oct. 1618. Attesté lors de l'enquête de 1644. Imprimeur de nombreuses mazarinades, il est arrêté le 17 juillet 1649 (il se dit âgé de 70 ans ou environ lors de son interrogatoire au Châtelet). Le parlement de Paris le condamne à être pendu dès le 20 juillet, pour avoir imprimé ""La Custode de la Reine"", libelle dirigé contre Anne d'Autriche, et plusieurs autres pamphlets. Conduit au supplice, il est libéré par des émeutiers qui selon les témoignages seraient des garçons libraires et imprimeurs, des gens de boutique du quartier ou des portefaix et crocheteurs. Évadé, il est repris et réincarcéré au Châtelet avant le 21 août 1650 (date d'une lettre de Michel Le Tellier au cardinal Mazarin, archives du ministère des Affaires étrangères, Mémoires et documents, 871, fol. 382). On perd ensuite sa trace']"	
Musnier, Veuve d'André	http://www.idref.fr/069025231/id	['http://isni.org/isni/0000000011194155', 'http://viaf.org/viaf/17561572']					female		"[""Née Jeanne Pasquier. Succède à son mari en 1648. Arrêtée le 20 mai 1649 pour avoir imprimé des mazarinades, elle est condamnée à être bannie de Paris pour cinq ans et frappée d'une amende de 24 livres"", ""Paris, 1648-1649. Au mont Saint-Hilaire, en la cour d'Albret"", 'Imprimeur-libraire', 'Paris : 1651. Rue du Meurier, près Sainct Nicolas du Chardonnet']"
Musnier, François	http://www.idref.fr/074286080/id	['http://data.bnf.fr/ark:/12148/cb15923267c#foaf:Person', 'http://isni.org/isni/0000000140388204', 'http://viaf.org/viaf/210046826']		['Meusnier, François (libraire)']	15	16	male		['Paris, 1612-1649. Adresse : au mont Saint-Hilaire, proche le Puits Certain', 'Libraire et relieur']
Papillion, Jacques	http://www.idref.fr/223430676/id	['http://viaf.org/viaf/111151836539820400449']		['Papillion, Iacques']	1	16	male	['Libraire actif en 1652. Adresse : rue Saint Jean de Beauvais, à la Pomme de Pin.']	
Paslé, Jean	http://www.idref.fr/07373635X/id	['http://isni.org/isni/0000000076651249', 'http://data.bnf.fr/ark:/12148/cb161712759#foaf:Person', 'http://viaf.org/viaf/103672549']			16	16	male		"['Libraire', ""Paris, 1638?-1658?. Adresses: rue Saint-Jacques, à la Pomme d'or, vis-à-vis saint-Séverin; au Palais, à l'entrée de la salle Dauphine, à la Pomme d'or couronnée""]"
Pelé, Denis	http://www.idref.fr/03099411X/id	['http://data.bnf.fr/ark:/12148/cb12229893d#foaf:Person', 'http://isni.org/isni/0000000000278564', 'http://viaf.org/viaf/49277907']	12229893	['Pellé, Denis']	16..	1680			['Imprimeur-libraire. Reçu maître en fév. 1650. Encore en activité en mars 1679', 'Paris : 1650-1680? ; Rue de la Vieille-Bouclerie (, proche le carrefour de la rue de la Harpe) - Au Gros Tournois - À la Ville de Poitiers']
Pépingué, Edme	http://www.idref.fr/074095617/id	['http://isni.org/isni/0000000121284039', 'http://data.bnf.fr/ark:/12148/cb144755907#foaf:Person', 'http://viaf.org/viaf/37142074']	14475590		1617-10-16	1655	male	"[""Lieu d'activité : Paris. Dates d'activité : 1643-1655. Adresse : En la grand-salle du Palais (, du côté de la cour des Aides (, proche la porte de la salle Dauphine) ; du côté de la salle Dauphine)""]"	"[""Variante(s) de prénom : Edmundus. Libraire. Fils de l'imprimeur-libraire Théodore Pépingué. Épouse Marie Jacquin, fille du libraire Julien I Jacquin. Reçu libraire le 1er déc. 1643. Semble avoir succédé à sa mère en 1652. Veuve mentionnée dès 1655""]"
Pépingué, Veuve de Théodore	http://www.idref.fr/032566840/id	['http://data.bnf.fr/ark:/12148/cb12357217z#foaf:Person', 'http://isni.org/isni/0000000001965841', 'http://viaf.org/viaf/39454444']	12357217		16XX	1660-06-05			"[""Nom de jeune fille : Marie L'Écuyer. Imprimeur-libraire"", 'Travaille en association avec son gendre Étienne Maucroy', 'Paris : 1648-1652? ; Rue de la Harpe, vis-à-vis la rue des Mathurins']"
Pépingué, Etienne	http://www.idref.fr/104623683/id	['http://data.bnf.fr/ark:/12148/cb16557653t#foaf:Person', 'http://viaf.org/viaf/222132884', 'http://isni.org/isni/0000000361026338']		['Pepingué, Estienne', 'Pépingué, Stephanus']	1625	1679	male	"[""Imprimeur-libraire ; imprimeur ordinaire de l'abbaye Saint-Germain-des-Prés (1656). - Fils de l'imprimeur-libraire parisien Théodore Pépingué et frère des libraires Edme et Nicolas Pépingué. Épouse Henriette Sara, vraisemblablement apparentée aux libraires parisiens Henri et Robert Sara. Reçu maître le 27 oct. 1650. S'établit imprimeur dès 1650 d'après la déclaration de sa veuve lors de l'enquête de nov.-déc. 1701. Figure aux procès-verbaux de visite des imprimeries parisiennes en juillet 1657 et oct. 1666 (BnF, ms. fr. 17566, fol. 17, et 17563, fol. 107-108), mais non plus en mars 1679. Décédé en 1679 ou peu avant (veuve attestée en sa succession)"", ""Paris : 1650-1679?. - Rue de la Harpe, au-dessus de Saint-Côme (, entre les collèges de Narbonne et Bayeux). - Enseigne(s) : Au Bras d'Hercule""]"	
Le Petit, Pierre	http://www.idref.fr/031917046/id	['http://data.bnf.fr/ark:/12148/cb123043075#foaf:Person', 'http://isni.org/isni/0000000122796968', 'http://viaf.org/viaf/49291218']	12304307	['Le Petit, Petrus']	1617-?	1686-09-25	male		"['Devise(s) : In hoc signo vinces', 'Imprimeur-libraire ; imprimeur-libraire de l'Académie française (1643) ; imprimeur-libraire ordinaire du Roi (1647). Dévoué à Port-Royal et au parti janséniste, il est poursuivi en 1658-1660 pour avoir publié des libelles ""impies et séditieux contre l'honneur de Dieu, le service du Roi et le repos de l'État"". Souvent victime de contrefaçons provinciales, il intente de nombreux procès. Ayant perdu un grand nombre de ses ouvrages entreposés au collège de Montaigu lors d'un incendie (21 mars 1675), il obtient la continuation de tous ses privilèges pour 50 ans (arrêt du Conseil du 3 août 1675). Dit âgé de 69 ans lors de son décès (sept. 1686)', ""Paris : 1642-1686 ; 1687-1693? ; Rue Saint-Jacques - À la Toison d'or - À la Croix d'or"", 'Ses successeurs, notamment Jean II Villette pour la librairie, ont publié sous son nom jusque vers 1693', ""Travaille en association avec la veuve de Jean Camusat, dont il a épousé la fille, jusqu'en 1651""]"
Du Petit Val, David	http://www.idref.fr/032491999/id	['http://isni.org/isni/0000000362042460', 'http://data.bnf.fr/ark:/12148/cb12351152r#foaf:Person', 'http://viaf.org/viaf/224416215']	12351152	['Parvivallius, David']	159X	1658-09-08			"['Rouen : 1610-1658 ; Près le Palais ; (Rue aux Juifs,) Devant la grand-porte (du Palais ; et au haut des degrés du Palais)', 'A travaillé en association avec ses deux beaux-frères Jacques I Besongne et Jean I Berthelin, puis avec Jean III Viret, autre imprimeur du Roi à partir de 1637', ""Imprimeur-libraire ; imprimeur et libraire ordinaire du Roi. Fils de Raphae͏̈l Du Petit Val, dont il obtient la survivance comme imprimeur ordinaire du Roi par lettres de provision dès le 25 juin 1609. Reçu maître en 1610. Jusqu'en 1626, publie aussi parfois sous le nom de son père. Poète, chaque année primé au concours des Palinods de Rouen de 1624 à 1633"", 'Devise(s) : Deo duce']"
Pétrinal, Jean	http://www.idref.fr/035060948/id	['http://isni.org/isni/0000000360953009', 'http://data.bnf.fr/ark:/12148/cb12574214z#foaf:Person', 'http://viaf.org/viaf/222117699']	12574214		158X	1652			"['Paris : 1628-1652 ; Rue de la Bûcherie (, près le Petit Châtelet) - Aux Trois Marmousets', ""Imprimeur-libraire. Apprenti de Louis Sevestre à partir d'oct. 1603, il est reçu maître le 14 déc. 1628. En janv. 1650 libéré de la prison du Petit Châtelet où il a été incarcéré pour avoir imprimé des libelles défendus. Encore en activité en 1652""]"
Le Porteur, Simon	http://www.idref.fr/09240457X/id	['http://isni.org/isni/0000000077171175', 'http://data.bnf.fr/ark:/12148/cb16178566v#foaf:Person', 'http://viaf.org/viaf/107056401']			16XX	16XX	male	['Libraire. - Paris : 1652. - Adresse : au Mont Saint-Hilaire']	
Pousset, Louis	http://www.idref.fr/031115853/id	['http://data.bnf.fr/ark:/12148/cb122393770#foaf:Person', 'http://isni.org/isni/0000000000174394', 'http://viaf.org/viaf/9903250']	12239377		16..	16..			"[""Paris : 1644-1652? ; Rue d'Écosse, près Saint-Hilaire (ou : Au Mont Saint-Hilaire)"", ""Fils aîné d'Adam Pousset ; reçu maître le 30 juin 1644""]"
Pousset, Francois	http://www.idref.fr/031007740/id	['http://isni.org/isni/0000000000278724', 'http://data.bnf.fr/ark:/12148/cb122309106#foaf:Person', 'http://viaf.org/viaf/49278134']	12230910		16..	16..			['Fils du libraire-relieur Adam Pousset', 'Paris : 1647-1652? ; Rue des Amandiers, devant le collège des Grassins ; Au Mont Saint-Hilaire']
Preuveray, François	http://www.idref.fr/030994314/id	['http://data.bnf.fr/ark:/12148/cb12229909z#foaf:Person', 'http://isni.org/isni/0000000121259642', 'http://viaf.org/viaf/29586673']	12229909	['Preuveré, François', 'Preveray, François', 'Preveré, François']	159X	1674-08-17	male	"[""Adresse : Paris : 1639?-1667?. - Grande Rue de la Bretonnerie, près (ou : proche) la porte Saint-Jacques [1643-1649]. - Rue Saint-Jacques, proche la Porte [1649-1667]. - Enseigne(s) : Au Croissant d'argent [1649-1667]"", ""Imprimeur-libraire ; imprimeur ordinaire de monseigneur le prince de Condé (1651-1652). - Entré en apprentissage avant 1607, il commence à exercer avant sa réception à la maîtrise (10 nov. 1639). Reçoit l'ordre de fermer son atelier par arrêt du Conseil du 17 février 1667. Sépulture le 17 août 1674 à Paris, paroisse Saint-Benoît. Père de l'imprimeur-libraire Jacques Preuveray, né le 8 décembre 1626 et reçu maître le 30 septembre 1649""]"	
Prussurot, Louis	http://www.idref.fr/032412258/id	['http://data.bnf.fr/ark:/12148/cb123446999#foaf:Person', 'http://isni.org/isni/0000000121273911', 'http://viaf.org/viaf/34531623']	12344699		1616-?	167X			"[""À partir de 1661, travaille en association avec l'imprimeur troyen Nicolas II Oudot pour l'impression des livres à l'usage du diocèse de Sens"", 'Sens : 1643-1675? - Au Nom de Jésus', 'Imprimeur-libraire ; (libraire et) imprimeur de monseigneur l'archevêque [de Sens]. Arrêté pour avoir imprimé entre autres ""L'Évêque de cour"" en 1674, il est embastillé avec ses complices parisiens (notamment Pierre Esclassan), condamné à l'amende honorable et à 9 ans de bannissement, et gracié en août 1675. Se dit âgé de 59 ans lors de son interrogatoire à la Bastille (7 mars 1675). Son fils (?) Claude-Auguste Prussurot lui succède en 1676 ou peu avant']"
Quenet, Antoine	http://www.idref.fr/031007872/id	['http://isni.org/isni/0000000001796347', 'http://data.bnf.fr/ark:/12148/cb12230921v#foaf:Person', 'http://viaf.org/viaf/29586982']	12230921		16..	1690			"[""Paris : 1649?-1690 ; Rue des Carmes ; Quai des Augustins - À l'|Image Sainte Barbe"", ""Libraire-relieur. Fils du libraire-relieur Robert Quenet, il commence à publier sous la Fronde, sans qualité de libraire. Recu maître en mars 1653. Opte pour la librairie lors de la création d'une communauté des relieurs distincte de celle des imprimeurs et libraires (1686)""]"
Quenet, Robert	http://www.idref.fr/074111175/id	['http://viaf.org/viaf/22384708', 'http://isni.org/isni/0000000003050776']					male		"['Libraire et relieur. Paris : 19 septembre 1647 - 1653?. Adresse : place Dauphine (ou ""d'Auffine"")']"
Quinet, Toussaint	http://www.idref.fr/03379765X/id	['http://data.bnf.fr/ark:/12148/cb130104404#foaf:Person', 'http://isni.org/isni/0000000109176887', 'http://viaf.org/viaf/76448677']	13010440	['Quinet I, Toussaint', 'Quinet, Toussainct']	160X	1652-05	male	['Adresse : Paris (1625-1652), Au Palais (, en la Petite Galerie ; dans la Petite Salle, sous la montée de la cour des Aides)']	"[""Libraire. - En apprentissage à partir du 5 août 1617 chez le libraire Rolet Boutonné. Reçu maître le 4 sept. 1625. Gendre du libraire Pierre-Louis Febvrier. A traduit de l'italien en français. Publie les traductions des œuvres de Machiavel. Spécialisé dans la vente des pièces de théâtre, éditeur attitré de Paul Scarron. Beau-père de Pierre I Mariette et de Guillaume de Luynes (mai 1652). Père de Toussaint II Quinet, reçu libraire le 19 oct. 1651. Inventaire après décès 14 mai 1652. Veuve attestée à partir de 1657""]"
Rémy, Veuve de Jean	http://www.idref.fr/068990278/id	['http://data.bnf.fr/ark:/12148/cb159208272#foaf:Person', 'http://isni.org/isni/0000000002569584', 'http://viaf.org/viaf/190578161', 'http://viaf.org/viaf/69268254', 'http://data.bnf.fr/ark:/12148/cb124904708#foaf:Person']	15920827	['Fouquet, Jacqueline', 'Rémy I, Veuve de Jean (15..-16.. ; imprimeur-libraire)', 'Remigius, Joannes']	15..	16..	female	"[""Imprimeur-libraire. Nom patronymique : Jacqueline Fouquet. - Épouse l'imprimeur-libraire parisien Jean I Rémy en janv. 1600 à Paris. Veuve en janv. 1643, elle lui succède. Encore en activité en 1649"", ""Lieu d'activité : Paris. Dates d'activité : 1643-1649. Adresse : Rue Saint-Jacques, près le collège du Plessis. Enseigne : À l'Image Saint Rémy"", ""Fils de Jean I Rémy. Reçu en oct. 1639 (mais il exerce avant). Gendre et successeur de l'imprimeur-libraire Adrien Taupinart. Il exerce rue Saint-Jacques, près le collège du Plessis (et de Marmoutiers ou au Palais), à l'Image Saint Rémy""]"	
Le Bossu, Ricard	http://www.idref.fr/241949289/id	['http://viaf.org/viaf/107062020']	16179943				male	['Imprimeur-libraire']	['Paris, 17e s., proche du Puits-certain.']
Rocolet, Pierre	http://www.idref.fr/032612214/id	['http://data.bnf.fr/ark:/12148/cb12360873m#foaf:Person', 'http://isni.org/isni/0000000008903969', 'http://viaf.org/viaf/5008190']	12360873	['Rocollet, Pierre']	15..	1662-01-18	male		"['Imprimeur-libraire ; imprimeur ordinaire du Roi (1635) et de la (Maison de) ville (1625). Établi en 1610 ou peu avant. Protégé du chancelier Pierre Séguier. Syndic de la communauté, capitaine de son quartier et lieutenant-colonel au régiment de Champlâtreux durant la Fronde ; se distingue par sa fidélité au Roi ; récompensé en oct. 1651 par l'obtention d'une médaille royale. Damien Foucault (fils d'un libraire d'Orléans), mari de sa petite-fille Anne Bonj(e)an, succède en juin 1663 à sa veuve, publiant parfois encore sous la raison : ""En la boutique de Pierre Rocolet"" ; sa veuve fera de même jusque vers 1681', ""Paris : 1610?-1662 ; 1662-1681? ; Au Palais (, dans la Grande salle, joignant la chambre des Consultations ; en la galerie des Prisonniers ; à l'entrée de la galerie des Prisonniers) ; Rue de la Vieille-Draperie - Aux Armes (du Roi et) de la Ville"", 'Devise(s) : Invenit viam aut fecit']"
La Haye, Rolin de	http://www.idref.fr/03099182X/id	['http://isni.org/isni/0000000110423283', 'http://data.bnf.fr/ark:/12148/cb12229703b#foaf:Person', 'http://viaf.org/viaf/19730875']	12229703	['Delahaie, Rolin (libraire-relieur)', 'La Haie, Rolin de (libraire-relieur)']	16..	16..	male		"['Devise(s) : Si in viridi, quid in arido ?', 'Par sentence du 27 fév. 1671, il lui est défendu de servir de prête-nom à des compagnons tenant boutique', ""Paris : 1634-1668? ; Rue d'Écosse, (au Mont Saint-Hilaire,) près le Puits Certain""]"
Sara, Robert	http://www.idref.fr/069065624/id	['http://data.bnf.fr/ark:/12148/cb13770968b#foaf:Person', 'http://isni.org/isni/0000000003330006', 'http://viaf.org/viaf/37098984']	13770968		158X	1650			"[""Paris : 1629-1650 ; Rue de la Harpe - Au Bras d'Hercule"", ""Imprimeur-libraire. Fils d'un laboureur de la région parisienne. En apprentissage chez l'imprimeur-libraire Pierre I Chevalier à partir de sept. 1604. Se marie en 1611. Reçu maître le 26 avril 1629. Auteur de plusieurs préfaces et avis liminaires d'éditions. Encore en activité en fév. 1650 ; veuve attestée en 1651""]"
Sara, Henri	http://www.idref.fr/031008828/id	['http://data.bnf.fr/ark:/12148/cb12230989g#foaf:Person', 'http://isni.org/isni/000000000076698X', 'http://viaf.org/viaf/14823907']	12230989	['Sarra, Henri (imprimeur-libraire)']	159X	165.			"[""Paris : 1621-1652? ; Rue Saint-Jean-de-Latran ; Au Mont Saint-Hilaire, près le Puits Certain - À l'enseigne d'Alde"", 'Imprimeur (et libraire ordinaire) de Monsieur. Entré en apprentissage de relieur en 1614. Décédé entre 1652 et 1657']"
Sassier, Guillaume	http://www.idref.fr/069108536/id	['http://isni.org/isni/0000000367213580', 'http://data.bnf.fr/ark:/12148/cb13527881k#foaf:Person', 'http://viaf.org/viaf/231012646']	13527881		16..	1685-07			"['Devise(s) : Tu tibi sume parem', 'Également auteur de divers panégyriques. Sépult. 9 juillet 1685', 'Dès juin 1641, dirige l'imprimerie de Jean Laquehay. Reçu maître le 24 nov. 1643. Ses confrères lui contestent ses titres d'imprimeur du Roi devant le parlement de Paris en oct. 1648 et devant le Conseil d'État en 1661. Arrêté et emprisonné le 17 oct. 1651 pour avoir imprimé le ""Contrat de mariage du cardinal Mazarin avec la Reine"". Suspendu comme imprimeur, ainsi que 12 autres, par arrêt du Conseil du 17 févr. 1667, il présente une requête au Conseil d'État, obtient sans doute la levée de cette mesure et continue à imprimer jusqu'à sa mort', ""Imprimeur-libraire ; imprimeur et libraire ordinaire du Roi (1647) ; imprimeur de M. le maréchal de L'Hospital, gouverneur de Paris (1650) ; imprimeur de monsieur le duc d'Aumale, archevêque et duc de Reims"", ""Paris : 1643-1685 ; (Rue des Cordiers,) Proche (la) Sorbonne ; Rue Saint-Jacques, devant l'église des RR. PP. Jésuites (ou : devant les Jésuites) - Aux Deux Tourterelles""]"
Savreux, Charles	http://www.idref.fr/033500088/id	['http://data.bnf.fr/ark:/12148/cb124360695#foaf:Person', 'http://isni.org/isni/0000000110445191', 'http://viaf.org/viaf/22233563']	12436069		160X	1669-09-22			"[""Paris : 1642-1669 ; Sur la terre de Cambrai, vis-à-vis le collège des Trois-Évêques ; Rue (Neuve-) Notre-Dame (, proche l'église Sainte-Geneviève-des-Ardents) ; Au pied (ou : Sous) la (grosse) tour (de) Notre-Dame (, du côté de l'archevêché) ; Au parvis Notre-Dame - À l'enseigne des Trois Vertus"", 'Devise(s) : Hoc fac et vives. Ardet amans spe nixa fides', 'Libraire ; libraire et relieur ordinaire du chapitre de léglise de Paris ; imprimeur ordinaire de l'archevêché. En oct. 1626 entre en apprentissage pour 5 ans chez François Piot. Ouvre boutique en juillet 1641 avant d'être reçu et doit fermer. Reçu maître le 20 mars 1642. En fév. 1656 embastillé 15 jours pour avoir imprimé la 1re \\""Provinciale\\"" de Pascal. En 1673-1674 son fonds sera racheté par Guillaume I Desprez qui publiera aussi quelques années sous la raison :\\""En la boutique de Charles Savreux']"
Sercy, Charles de	http://www.idref.fr/031133460/id	['http://data.bnf.fr/ark:/12148/cb122408135#foaf:Person', 'http://isni.org/isni/000000012121564X', 'http://viaf.org/viaf/14825870']	12240813	['De Sercy, Charles']	1623	1700			"[""Paris : 1649-1700? ; Sur le pont Notre-Dame ; Rue de la Vieille-Draperie ; Au Palais (, dans la salle Dauphine ; au sixième pilier de la grande salle, vis-à-vis (de l'escalier ; de la montée) de la cour des Aides) ; Rue de la Pelleterie - À la Bonne Foi (couronnée)"", 'Libraire. Originaire de Soissons. Frère puîné de Nicolas de Sercy. En avril 1637 entre en apprentissage chez Nicolas Delaulne qu'il quitte en nov. 1639 pour entrer chez Jacques I Villery, dont il a peut-être déjà épousé la fille. Après son temps d'apprentissage et de compagnonnage, est libraire étalant sur le Pont-Neuf, qu'il s'engage à quitter lors de sa réception en sept. 1649. En mai 1694 prend pour apprenti son neveu Claude II Prudhomme qui lui succédera. Également auteur de préfaces et de l'""Abrégé méthodique de la géographie"", 1698 et de ""L'Amant de bonne foi"", 1672. Mort après le 29 mai 1700 ; n'est plus attesté lors de l'enquête de nov.-déc. 1701', 'Devise(s) : Fidem Fortuna coronat']"
Sevestre, Louis	http://www.idref.fr/031009255/id	['http://isni.org/isni/000000038598758X', 'http://data.bnf.fr/ark:/12148/cb122310161#foaf:Person', 'http://viaf.org/viaf/250902354']	12231016	['Sevestre III, Louis']	160X	169.			['2e fils de Louis II Sevestre; né après 1605. Décédé entre 1690 et déc. 1692 (veuve attestée)', 'Paris : 1634-1690 ; Rue du Mûrier, près Saint-Nicolas-du-Chardonnet']
Sevestre, Pierre	http://www.idref.fr/069095906/id	['http://isni.org/isni/000000010899305X', 'http://data.bnf.fr/ark:/12148/cb13527352m#foaf:Person', 'http://viaf.org/viaf/49382678']	13527352	['Sevestre III, Pierre (161.?-16..)']	161X	16..			"['Devise(s) : Religio christiana', ""Paris : 1643-1650? ; Au Mont Saint-Hilaire, dans la cour d'Albret ; Rue des Cordiers"", '3e fils de Louis II Sevestre. Né après sept. 1605. Reçu maître le 15 déc. 1643. Encore attesté en activité, rue des Cordiers, en janv. ou fév. 1650']"
Targa, Veuve de François	http://www.idref.fr/236929054/id	['http://viaf.org/viaf/88110509', 'http://isni.org/isni/0000000061037983', 'http://data.bnf.fr/ark:/12148/cb16031757r#foaf:Person']	16031757	['Targa I, Veuve de François (16..?-16.. ; imprimeur-libraire)']	16..-?	16..	female	"[""Lieu d'activité : Paris. Dates d'activité : 1642-1650. Adresse : Rue Saint-Victor. Enseigne : Au Soleil d'or""]"	"[""Nom patronymique : Madeleine Julliot. - Imprimeur (ordinaire) de monseigneur l'archevêque de Paris. - Fille de l'imprimeur-libraire parisien François Julliot. Succède à son mari François I Targa ; attestée en activité dès juillet 1642. Établie à la même adresse que son beau-frère Pierre I Targa et probablement en association avec lui. Encore en activité en 1650"", 'Devise(s) : Ter[r]eat hostes ut attonito formidine']"
Targa, Pierre	http://www.idref.fr/031009719/id	['http://data.bnf.fr/ark:/12148/cb12231057m#foaf:Person', 'http://viaf.org/viaf/32049897', 'http://isni.org/isni/000000000183047X']	12231057	['Targa I, Pierre (160.?-166.)']	160X	166.			"['Devise(s) : Post nubila Phoebus. Ut attonito formidine te[r]reat hostes', ""Imprimeur ordinaire de monseigneur l'archevêque de Paris (1636-1661). Recu apprenti de son frère aîné Francois Targa en mars 1623. Recu maître en mars 1634, il a publié dès 1632. Décédé peu après mai 1662 (date de quittance de son apprenti Simon Langronne)"", ""Paris : 1632-1662? ; Rue Saint-Victor - Au Soleil d'or""]"
Toussaint, Laurent	http://www.idref.fr/241862876/id	['http://viaf.org/viaf/120750791', 'http://data.bnf.fr/ark:/12148/cb161951742#foaf:Person']	16195174		16..	16..	male	"[""Lieu d'activité : Paris. Dates d'activité : 1652""]"	"[""Publie des mazarinades en 1652. Peut-être s'agit-il d'un pseudonyme""]"
Thoreau, Julien	http://www.idref.fr/031282008/id	['http://data.bnf.fr/ark:/12148/cb122527785#foaf:Person', 'http://viaf.org/viaf/68985564', 'http://isni.org/isni/0000000000548480']	12252778	['Thorellus, Julianus']	15..	1656-03-17			"[""À partir de 1647, travaille en association avec son gendre Jean Fleuriau; en janv. 1652, résigne en faveur de ce dernier sa charge d'imprimeur du Roi. Jean Fleuriau semble avoir encore publié sous le nom de J. Thoreau jusque vers 1663"", ""Imprimeur-libraire; libraire et imprimeur de l'université; imprimeur du Roi (1612-1652). Originaire de Saint-Hilaire-le-Lierru, près de Mamers (Sarthe). Succède à Jean I Blanchet dont il épouse la veuve en avril 1608"", 'Poitiers : 1608-1656; 1661-1663']"
Variquet, Pierre	http://www.idref.fr/033676933/id	['http://data.bnf.fr/ark:/12148/cb124520281#foaf:Person', 'http://isni.org/isni/0000000114066324', 'http://viaf.org/viaf/166849903']	12452028		160X	1686-04-29			"['Devise(s) : Si in virido, quid in arido', ""mprimeur-libraire. - Entre en apprentissage en oct. 1619 pour 6 ans chez l'imprimeur-libraire parisien Jean Libert. Aurait racheté l'imprimerie de J. Libert dès 1643. Reçu maître le 28 mars 1645. Décédé le 29 avril 1686. La veuve de Jacques de Laize de Bresche rachète son imprimerie le 12 juillet 1686 et la revend en mai 1687 à Guillaume I Desprez"", ""Paris : 1645-1686 ; Rue Saint-Jean-de-Latran, devant (ou : près) le Collège royal ; Rue Saint-Jacques (, près Saint-Benoît) - À l'enseigne du Gril""]"
Vereul, Étienne	http://www.idref.fr/119435977/id	['http://isni.org/isni/0000000000981292', 'http://data.bnf.fr/ark:/12148/cb133370968#foaf:Person', 'http://viaf.org/viaf/49370635']	13337096		158X	165.		"[""Lieu d'activité : Rouen. Dates d'activité : 1605-1655. Adresse : Rue aux Juifs (, près le Palais). Adresse : Dans la cour du Palais (, près la grande porte)""]"	['Variante(s) de prénom : Stephanus. Reçu maître en 1605. Encore attesté en activité par la communauté des libraires et imprimeurs de Rouen en juillet 1655', 'Devise(s) : Superanda omnis Fortuna ferendo']
Veron, Guillaume	http://www.idref.fr/227621158/id	['http://data.bnf.fr/ark:/12148/cb161928837#foaf:Person', 'http://viaf.org/viaf/120177344']	16192883		16..	16..	male	"[""Lieu d'activité : Paris. Dates d'activité : 1652. Adresse : Au Mont Saint-Hilaire""]"	"[""Publie au moins une mazarinade en 1652. Peut-être s'agit-il d'un pseudonyme""]"
La Vigne, Nicolas de	http://www.idref.fr/03243541X/id	['http://data.bnf.fr/ark:/12148/cb12346581f#foaf:Person', 'http://isni.org/isni/0000000110423830', 'http://viaf.org/viaf/19752130']	12346581	['De La Vigne, Nicolas']	159X	1679			"[""Paris : 1617-1679 ; Rue Clopin près [le collège] de Petit-Navarre ; Près la porte Saint-Marcel (, et en sa boutique en la cour du Palais (ou : au Palais) (, près les degrés de la Sainte-Chapelle ; près la galerie des Prisonniers)) ; Rue Bordelle ; Rue des Carmes ; Près [l'église] Saint-Hilaire ; Cour d'Albret - À l'Écu de France - À l'Hôtel de Vendôme - À la Croix de Lorraine"", 'Imprimeur-libraire. Apprenti de Denis Binet en 1610, il est reçu maître en avril 1620. Une édition au moins paraît sous son nom dès 1617. Veuve attestée en 1679']"
Villery, Jacques	http://www.idref.fr/034910840/id	['http://isni.org/isni/0000000123207897', 'http://data.bnf.fr/ark:/12148/cb125612757#foaf:Person', 'http://viaf.org/viaf/56726396']	12561275	['Villery I, Jacques (159.?-1677?)', 'Villeri, Jacques']	159X	1677			"[""Rue d'Arras ; Au Palais (, sur le perron royal ; à l'entrée de (ou : en) la galerie des Libraires ; en la salle Dauphine ; au troisième (ou : premier) pilier de la grande salle) ; À l'entrée de la galerie des Libraires ; Rue Clopin (, près le Petit Navarre ; au coin de la rue Dauphine) ; Au premier pilier de la grande salle du Palais ; Proche la porte des Augustins ; Sur le Pont-Neuf ; Rue de la Vieille-Bouclerie, au bout du pont Saint-Michel - À l'Écu de France - Aux Trois Perruques - À l'Étoile"", 'Autre(s) graphie(s) : Villery, Jacques de. Libraire. Entre en apprentissage chez Thomas Blaize en mai 1606. Est reçu libraire en 1623, mais semble exercer avant 1618']"
Viret, Jean	http://www.idref.fr/031010377/id	['http://isni.org/isni/0000000108628239', 'http://data.bnf.fr/ark:/12148/cb12231112x#foaf:Person', 'http://viaf.org/viaf/2525092']	12231112	['Viret III, Jean (1610?-1672)']	1610-?	1672-06-22			"['Rouen : 1632?-1672 ; Devant la grand-porte du Palais ; Au haut des degrés du Palais', ""Imprimeur-libraire ; imprimeur ordinaire du Roi (1637) et de l'archevêché (1661). Vraisemblablement fils du libraire Girard Viret. Gendre en 2es noces (1642) du graveur parisien Jacques I Honervogt. Dit âgé d'env. 62 ans lors de son décès""]"
Vitré, Antoine	http://www.idref.fr/032525559/id	['http://data.bnf.fr/ark:/12148/cb12353896s#foaf:Person', 'http://isni.org/isni/0000000109189477', 'http://viaf.org/viaf/249288237']	12353896	['Vitray, Antoine (159.?-1674)', 'Vitré, Antonius (159.?-1674)']	159X	1674-07-10	male	"[""Imprimeur-libraire ; imprimeur (-libraire ordinaire) du Roi (, de la Reine régente mère de Sa Majesté, pour les langues orientales (ou : ès langues orientales)) (1630) ; imprimeur du clergé de France (1635). - Fils du libraire parisien Pierre Vitré. Probablement reçu en 1609, il travaille d'abord avec sa mère, veuve de Pierre Vitré. Membre de la Compagnie des usages. Publie en 1628-1645 une Bible polyglotte en sept langues (10 vol. in-fol.). Imprime des ouvrages en langues orientales pour les missions soutenues par le cardinal de Richelieu, ainsi que de nombreux ouvrages jansénistes. Emprisonné en 1645 pour avoir imprimé les œuvres de l'abbé de Saint-Cyran. Élu syndic de la communauté des libraires et imprimeurs de Paris en 1639, il est à nouveau nommé à cette charge en oct. 1643 par le Conseil d'État pour faire observer les règlements de la profession. À la demande de Richelieu, achète aux héritiers de François Savary de Brèves des poinçons et des matrices de caractères orientaux. Dit à tort âgé de 81 ans en août 1654. Élu consul en 1664. Décédé à Paris en juillet 1674. Lambert Roulland continue à publier sous son adresse jusqu'en 1679 environ. Également auteur de divers mémoires et d'un ouvrage sur l'aumône""]"	"[""Paris : 1609?-1674 ; 1674-1679? ; (Rue Perdue ; Proche l'horloge du Palais et ; Devant l'horloge du Palais et) Au collège Saint-Michel (, près (ou : à) la place Maubert) [1610-1623]. - (Rue des Carmes, proche (ou : au)) Collège des Lombards [1627-1646]. - Rue Saint-Jacques (, devant (la chapelle) Saint-Yves ; proche (le) Petit Châtelet) [1649-1655]"", 'Devise(s) : Virtus non territa monstris']"
Vivenay, Nicolas	http://www.idref.fr/069259321/id	['http://viaf.org/viaf/78788507', 'http://isni.org/isni/0000000121408134']		['Vivenet, Nicolas']	16XX	16XX	male		['Imprimeur-libraire.', 'Paris, 1646-1652 Au Palais', 'Publia un grand nombre de mazarinades. Au service du prince de Condé']
